Uplyna lhůta bez nových sankcí Íránu	EU se přiblížila k udělení nových sankcí proti Íránu
Zatčený ruský vrah popírá vazby na Pussy Riot	Desítky zadržených protestantů v ruské televizní věži
Norský memoriál udělil vyznamenání 77 obětem masakru	Norsko si připomíná výročí masakru
Americký generál v Afghánistánu je obecně spojován s Petraeus skandálem	Vrchní americký generál je spojován s Petraeus skandálem
"Zatykač" na Maledivského ex-prezidenta	Maledivy vydaly zatykač na bývalého prezidenta
Čínské akcie spadli po snížení RRR - květen 14	Čínské akcie v pondělí dopoledne posílily
HRW: Jordán vrací palestinské uprchlíky ze Sýrie	zpráva: Jordán je zaujatý proti Palestincům ze Sýrie
KLDR dělá „významný pokrok“ ve vývoji jaderného reaktoru - IAEA	KLDR slibuje rozšířování jaderného zastrašování
Prezident Malediv odstupuje po policejní vzpouře, protestestech	Prezident Malediv odstupuje po týdnech protestů
Útok NATO "zabíjí civilisty" v Afghánistánu	Dva vojáci NATO byli zabiti v Afghánistánu
Al-Káida tvrdí, že zajala 70 jemenských vojáků v bitvě u Abyan	Střety s Al-Káidou zabily 35 vojáků v Jemenu
Armádní tryskáč havaroval v Americe do bytových domů, piloti se katapultovali	Americký armádní tryskáč spadl ve Virginii do bytových domů
Čínské akcie ve středu otevřely vysoko	Americké akcie otevřou výše i přes špatný odhad HDP
IDF nasadí Iron Dome v centru Israele	Velká sněhová bouře v centrálním regionu
4 lidé zabiti Americkým dronem v Pákistánu	Útok Americkým dronem v Pákistánu zabil 3 lidi
Americký teenager zadržen v Chicagu z důvodu nastražení bomby v automobilu ve jménu ‚džihádu‘	Chicágský tenager zatčen v Chicagu z důvodu nastražení bomby
PC David Rathband: obavy dvojčete pro jeho "nejlepšího kamaráda"	David Miliband: můj bratr a návrat ke staré labouristické straně
Syrské síly se přesunují opět ovládnout Aleppo	Syrský režim se pokusí opět ovládnout město Aleppo
20 členný parlamentní sněm, obchodní tým odjíždí do Indie	Ministr obchodu si bere volno
Silvestera Stalloneho syn Sone Sage byl nalezen mrtvý v LA	Syn Sylvestera Stalloneho nalezen mrtvý doma
Wall Street otevřel níž	Wall Street končí smíšeně
Clintonová: USA, Evropa musí dělat více proti tyranům	Clintonová: USA, Evropa musí usilovat o to porazit tyrany
Evropské akcie poskočili s nárůstem Čínských stimulů	Ceny ropy stoupají v naději stimulů
Syrské síly obsadily pevnost rebelům	Sýrská armáda na severu zabrala pevnost rebelům
Akciový index futures vykazuje nižší start	Akciový index futures signalizuje předčasné ztráty
Muž byl obviněn poté co byl MP zraněn při útoku	Muž obviněn z vraždy v bytě
Čínské akcie při pátečním poledni uzavřely výše	Čínské akcie v pátek otevřely níže
Útok amerického dronu zabil 5 ozbrojenců v Pákistánu	Útok dronem zabil čtyři podezřelé ozbrojence v Pákistánu
Rebelové v Sýrii opustili obléhané Homs	Syrští rebelové ustoupili od obležené čtvrti Homs
Spojené státy nařídili nepotřebnému personálu opustit Súdán, Tunisko	Spojené státy nařídili nepotřebnému personálu opustit Tunisko, Súdán
Sandy udeřil ze severo-východu, nejméně 18 mrtvých, 7,4 milionu bez proudu	Bouře na východě Spojených států zanechaly 2 mrtvé ve Va., 2 miliony bez proudu
Romney, Obama střet o dani, ekonomika poprvé v debatě	Obama a Romney se staví k první debatě
Assad říká že žoldáci mají na svědomí Syrské nepokoje	Assad obviňuje USA z eskalace syrského povstání
Putin vyhlašuje vítězství v Ruských prezidentských volbách	Stížností při ruských volbách narůstá
Japonský PM rozpouští sněmovnu pro volby	Írán a světové mocnosti jsou připravení vést jaderné rozhovory
Dva mrtvý po izraelském útoku na Gazu: medici	5 mrtvých při úderech na Gazu, radikálové ostřelují Izrael
Armádní stíhačka spadla do budov ve Virginii, šest zranila	Armádní stíhačka spadla do apartmánů ve Virginii, 9 raněných
Jeden voják NATO zabit v J. Afghánistánu	Britský voják zabit v jižním Afghánistánu
Španělsku míra nezaměstnanosti na novém maximu	Nezaměstnaných ve Španělsku přibylo na nové maximum
Bomba na silnici zabila 10 afghánských civilistů: policie	Bomba na silnici zabila 5 afghánských policistů
Turecko vyslalo stíhačky na hranice	Turecko vyslalo stíhačky k Syrským hranicím
Dva mrtvý v Sýrii po násilnostech od okamžiku kdy OSN začala monitorovat zemi	Dvouletý zákaz pro Contadora za doping
Prezidentovo postřehy z Veletrhu Vědy v Bílém domě	Veletrh Vědy v Bílém domě
Civilista, uprchlík zabit v Sýrii, napsala NGO	Syrský ozbrojenec zabil tři Syrské strážníky: NGO
Malawi potvrdila smrti prezidenta	Malawi potvrdila smrt prezidenta Mutharika
Taiwan se zatřásl po silném zemětřesení	Čína se otřásla po dvou zemětřeseních
Paul Tucker z Banky Anglie je spojován se skandálem Libor	Banka Anglie odmítá nařízení manipulací se sazbou
Lybie odkložila parlamentní volby na 7 července	Lybie odložila státní volby na 7 červenec
Červený kříž vyjednával pozastavení bojů v Sýrii k poskytnutí pomoci raněným	Červený kříž vyjednává příměří v Sýrii, aby poskytl pomoc
Syrské síly střílely na autobus s civilisty	Syrské síly, rebelové se střetli v blízkosti Turecka
Německý parlament drtivou většinou podpořil dohodu o záchraně Řecka	Německý parlament schválil pomoc Řecku
Bombardování, střety v Sýrii pokračují	Bombové útoky, střety zatímco Syrská opozice žádá zbraně
Londýn 2012 Olympijské slavnostní zahájení: “K zelené a příjemné zemi”	Londýn 2012 Olympiáda: Slavnostní zahájení být “zelená a příjemná země”, říká Danny Boyle
Barmské reformy přinášejí zmírnění amerických sankcí	Barmští aktivisté říkají pomalu zmírňujte sankce
Usain Bolt vyhrál 200m - Steven Howard reakce	Mobilní zisky Facebooku pohánějí růst výnosů: reakce
Desítky mrtvých po útoku Talibanu na letovisko	“Indická policie obvinila 3 Íránce z útoku na velvyslanectví”
Čínský yuan oslabuje k 6.3282 vůči dolaru, pondělí	Čínský juan spadl na 6.2697 vůči dolaru, čtvrtek
7 mrtvých při střelbě v křesťanské škole	5 zraněných při střelbě ve škole v Ohiu
Indonéské protiteroristické komando zabilo dva podezřelé ozbrojence	Indonéská policie zastřelila podezřelé militanty na Bali
Americké volby: Mitt Romney připouští porážku když Barack Obama vyhrává v druhém kole	Romney při telefonickém hovoru připouští zvolení Obamy
Arméni volili v parlamentních volbách	Arménské parlamentní hlasování, test pro prezidenta
Pákistánu blokuje Twitter kvůli anti-islámskému materiálu	Pákistán blokuje Twitter kvůli ‚rouhání‘
Annan návštíví syrské uprchlíky v Turecku, úterý	Annan navštíví syrské uprchlíky v Turecku před návštěvou Íránu
Venezuelský Chávez je potřetí na Kubě z důvodu léčby proti rakovině,	Venezuelský vůdce se z léčebných důvodů vrací na Kubu
Obyvatelé v okolí Gazy dostali pokyn zůstat v blízkosti úkrytu	Bestův velký den přinesl Západním Indiánům výhru
Vojenská stíhačka spadla do bytového domu	Americká vojenská stíhačka spadla ve Virginii do bytových domů
Romney vyhrál primárky velkým rozdílem v Puerto Rico	Romney vyhrál primárky v Illinois
Yahoo! jmenoval Mayerovou z Google jako CEO: Zpráva	Yahoo jmenoval bývalou zaměstnankyni Google Mayerovou jako CEO
Při požáru v domu Co Donegal zemřel muž	Při požáru v domu Co Cork zemřela žena
12 mrtvých a desítky zraněných při výbuchu plynu v Doha	 26 mrtvých, včetně 8 dětí, zabito syrskou střelou
DNA ledního medvěda může pomoci v boji proti obezitě	Studie polárního medvěda může urychlit boj proti obezitě
Volební místnosti otevřely při volbě ukrajinského prezidenta	Spuštění nominací od e.TV Ghana na cenu největší vlivnosti
Indický inkoust: Obrázek dne: 21. dubna	Indický inkoust: Obrázek dne: 2. května
Paul Walker, hvězda 'Rychle a Zběsile', zemřel při autonehodě	Paul Walker (40) zemřel: Hvězda Rychle a Zběsile zemřela při autonehodě
Na Mali byli zabiti dva francouzští novináři	Francie potvrdila, že dva francouzští novináři byli zabiti na Mali
Letecký úder zabil jednoho člověka v syrském Hama	Bezpilotního letounu USA zabil jedenáct lidí v Pákistánu.
Vůdce pákistánského Talibánu Hakimullah Mehsud byl zabit při náletu bezpilotního letounu.	Pákistánský Talibán 'volí nového vůdce' se slibem 'nebývalé' pomsty
Turecký předseda vlády se střetl s odpověďmi na protesty	Turecký prezident volá po klidu uprostřed celonárodních protestů
Ozbrojenci v Pákistánu zabili devět turistů	Ozbrojenci útočí na hotel v odlehlé pákistánské provincii
Izrael a Hamas pozorují kráté příměři v Gaze	Izrael a Hamas přijmuly dočasné příměří
Čínský problémový Xinjiang zasažen dalším násilím	Čínská online populace vzrůstá na 618 miliónů.
Pozůstalí po požárech v Číně se 120 mrtvými se dostali do potyčky s policií	Rozzlobené rodiny požadují odpověď poté, co požáry v Číně zabili 119 osob.
Írán odmítá tvrzení o chlorových bombách	Írán odmítá podezření MKO na nukleární arzenál
Manželka indického ministra zemřela 'nepřirozenou smrtí' po zvěstech ohledně milostného poměru 	Ministrova manželka zemřela nepřirozeně
3 mrtví, 1 zraněný při střelbě v přímořském motelu v Jižní Karolíně	4 mrtví, 30 zraněných při železniční nehodě blízko Moskvy
Pohřeb po Bostonském bombovém útoku byl oprávněný	Připraven jít domů: Poslední oběť Bostonských bombových útoků opustila nemocnici
5 mrtvých v jihočínském silničním tunelu	02:41 156 mrtvých při čínském zemětřesení
Prezident jihoafrické republiky: Mandela se zlepšuje	Afgánský prezident zdržel podepsání dohody s USA
Aktualizace světových zpráv, co potřebujete vědět	Dělnická sazba daně 50p: co potřebujete vědět
Syrská občanská válka v obrazech	Mírové rozhovory v syrské občanské válce jsou v ohrožení kvůli vměšování Íránu
Nové silné zemětřesení zasáhlo poškozený region Pak	Zemětřesení o síle 6.8 v poškozeném pákistánském regionu.
Domovní požár v severním Pákistánu zabil 7 lidí	Nálet bezpilotního letounu USA zabil v severozápadním Pákistánu 8 osob
Abdullah Widens vede v afgánských prezidentských volbách	Blízko afgánského presidentského paláce byly slyšet exploze
Imran obviňuje konkurenta z vraždy kolegy	Pákistánský Imran obviňuje konkurenta ze zabití člena strany
Bangladéš vyznamenává dělnické oběti	Maloobchodníci vrátili Bangladéši dohodu o tovární bezpečnosti
Muž, který se zapálil v národním nákupním středisku, zemřel	Muž, který se zapálil v národním nákupním středisku, byl převezen do nemocnice
Japonsko po kritice USA hájí lov delfínů	Japonsko hájí lov delfínů po kritice z USA
Bombový výbuch otřásl nákupním centrem v Nigérii, 12 mrtvých	Bombový výbuch před shromážděním indické opozice zabil 4 osoby
Filipínský tajfun si vyžádal 4460 obětí: UN	Počet mrtvých při filipínském tajfunu vzrostl nad 5000
Na venezuelské volební protestanty použila policie slzný plyn	Chavez, Madurovův dědic, vyhrál venezuelské prezidentské volby
Vlna útoků v Iráku zabila přes 95 osob	Sebevražedný útok v severním Iráku zabil 12 osob
Nejvyšší čínský politický poradce navštívil řeckého premiéra	Vrcholný čínský politický poradce navštívil jemenského prezidenta
Palestinský diplomat zraněn při výbuchu v Praze	Palestinský velvyslanec zraněn při výbuchu apartmánu
Vůdce Ukrajiny slibuje krizové rozhovory	Vůdce Ukrajiny slibuje krizové rozhovory
Při útoku v Iráku bylo zabito 7 osob	Při sérii útoků zahynulo v Iráku 16 osob
Záplavy v centrální Evropě pokračují a tvoří pohromu 	Evropské záplavy pokračují a tvoří pohromu
Americká vojenská přítomnost ve východní Asii	Vojenská přítomnost NATO uprostřed ruské hrozby
USA věří, že syrská vláda použila chemické zbraně	USA předpokládá, že syrská vláda použila chemické zbraně
Světové velmoci a Írán budou pokračovat v diskusích nad výsledky jaderných expertů 30. prosince	Íránští jaderní experti a světový vůdci budou pokračovat v rozhovorech příští týden
Egyptské muslimské bratrstvo odmítá ustoupit	Egyptský soud odsoudí vůdce muslimského bratrstva k doživotí ve vězení
Nejméně 6 mrtvých při srážce autobusu a vlaku v Kanadě	Nejméně 6 mrtvých při vlakové nehodě v Paříži
Čínský prezident se setká s řeckým premiérem, výzva k silnějšímu partnerství	Čínský prezident se setká s indickým víceprezidentem
AstraZeneca zaplatí 4,1 miliardy za koupi Bristol-Myers Squibb z aliance cukrovkářů	AstraZeneca koupila cukrovkářský Bristol až za 4,1 miliardy dolarů
Italský uprchlík byl zatčen v Dominikánské Republice	Australský ledoborec dorazí do východní Antarktidy za novou záchrannou pobídkou
Indie a USA budou příští týden jednat o Číně	Egypt bude příští týden jednat s MMF ohledně půjčky
FAA zpřísní zákaz amerických letů do Tel Avivu	FAA zpřísní zákaz amerických letů do Izraele
Izrael provádí pozemní ofenzívu v Gaze	Izrael spustil pozemní ofenzívu v Gaze
Lucemburský premiér skončil uprostřed špionážního skandálu	Lucembursko hlasuje po špionážním záznamu
Ehud Olmert, bývalý izraelský premiér, byl odsouzen k šesti letům vězení za korupci	Ehud Olmert byl odsouzen k šesti letům v Izraeli
Brahimi se omlouvá Sýrii za nedostatečný mírový pokrok	Prostředník se omlouvá Syřanům za nedostatečný mírový pokrok
Egyptští demonstranti dávají Morsi ultimátum k rezignaci	Ukrajinští demonstranti se nově střetli s policií
5 věcí, které je dobré vědět o olympijských hrách v Soči	7 věcí, které je dobré vědět o Ethanolu
Čínské akcie ve středu zahájují níže	Čínské akcie v pondělí končí níže
USA oddalují raketový test, protože napětí vstoupá	William Hague: Rozhodnutí USA o zastavení raketových testů je “rozumné”
Oheň v Beijingu zabil 10 osob	Oheň v Beijingu zabil deset osob
Nejstarší muž světa zemřel ve 116 letech	Japonsko: Nejstarší muž světa jaký kdy žil zemřel ve 116 letech
Indie a Čína podepsaly dohodu o hranicích; osm dalších dohod	Indie a Čína podepsaly dohodou o přeshraničních řekách
3 mrtví a 4 pohřešovaní při stavební nehodě v centrální Číně	Jeden mrtvý a 8 pohřešovaných při lodní nehodě ve Vietnamu
Pakistan hlasoval v rozhodujících volbách	Pákistán po zabití 29 osob při útoku pořádá rozhodující volby
Venezuela vyloučí tři diplomaty USA	Venezuela vyloučí 3 diplomaty USA
Silný smog zasáhl severočínské město, letový provoz zastaven 	Silný smog zasáhl severočínské město, letový provoz zastaven
Rusko tvrdí, že překazilo možný teroristický útok	Rusko říká, že balistické "objekty" byly vypáleny ze Středomoří
V Pákistánu byli zabiti 3 čínští turisté	V jižní Nigérii bylo zabito sedm únosců
Sedm světových pohárů v rámci Keňské Äôs	Střed zájmů v otevřeném soudním řízení o smrti mladého muže v Äôs
Ozbrojenci v severním Pákistánu zabili 10 zahraničních turistů	Pákistánští islámští radikálové zabili 9 zahraničních turistů a 1 Pákistánce.
Rakušan nalezl 56 ukradených lebek v domácím muzeu	Ukradené lebky nalezeny v domácím muzeu
Egypt spouští útok proti Sinaijským radikálům	  Egypt zahajuje útok proti Sinaijským povstalcům
Rekordní vlna veder z jihozápadu bude mít nedozírné následky	Nejméně 1 mrtvý a 40 hospitalizovaných pri jihozápadní vlně veder
Detroit je vhodný na ochranu proti bankrotu: usuzuje USA	Detroit je vhodný na ochranu proti bankrotu
Prezident Alžírska je léčen po mrtvici: státní média	Bulharský prezident se snaží zabránit volebnímu debaklu
Britská spisovatelka a držitelka Nobelovy ceny Doris Lessing zemřela	Držitelka Nobelovy ceny a spisovatelka Doris Lessing zemřela
Izraelská vláda schválí nová osady před rozhovory	Izrael schvaluje nové osady ještě před mírovými rozhovory
Živě ze světového poháru: Francie 0-0 Německo	Živě ze světového poháru: Něměcko 0-0 Ghana
Tokyo hostí hry v roce 2020	Tokyo vyhrálo závod o pořádání Olympijských her v roce 2020
Pákistánský velitel Talibánu byl zabit při náletu bezpilotního letounu	Pohřeb pákistánského velitele Talibánu “se má uskutečnit”
FAA pokračuje v zákazu amerických letů do Tel Avivu	FAA zpřísní zákaz amerických letů do Tel Avivu
Francie varuje před extrémisty benefitujícími z Egyptského násilí	Francie straší, že extrémisté mohou těžit z Egyptského násilí
Čínský vyslanec vyvrací vietnamské a filipínské obvinění ohledně jihočínského moře	Čínský Xi říká, že Vietnam chce v jihočínském moři mír
Čtyři další lidé zatčeni kvůli největšímu australskému syndikátu na dovoz nelegálního tabáku	Policie se zaměřuje na nelegální tabákový syndikát
Jemen: Boje na severu si vyžádaly přes 120 obětí	Janet Yellen: Pět věcí, které možná nevíte
Obama se chystá obsadit radu FED, Fischera odsouvá na druhou pozici	Obama vyjadřuje ochotu mluvit s GOP o rozpočtu
Pákistánský Mušaraf obviněn z vraždy Bhuttova	Pákistánský Mušaraf obviněn z Bhuttovi smrti
Íránský prezident odsoudil použití chemických zbraní v Sýrii	Dokázáno používání chemických zbraní v Sýrii
OSN zve Írán na Syrskou mírovou konferenci	OSN: Írán pozván k účasti na Syrské mírové konferenci
Počet obětí nehody italského autobusu se zvyšuje	Starbucks zrušil nutnost vysokoškolského vzdělání svých pracovníků
Hráčem udeřený fotbalový rozhodčí zemřel	Policie: Utažský fotbalový sudí po hráčově úderu zemřel
Angela Merkelová směřuje k těsné výhře v německých volbách	Nový Malawijský prezident složil slib po sporných volbách
Britský náctiletý byl zabit pádem z hotelu Magaluf	 Britský náctiletý byl zabit při pádu z hotelu Magaluf
Jak zatýkací akce pokračuje, Izrael zatýká 37 Palestinců	Izrael kritizuje palestinský postoj k osadníkům
Rebelové v Syrské vesnici Alawite zabili 21 civilistů	Bomba v Afgánistánu zabila 18 civilistů
Svět posílá humanitární pomoc poničeným Filipínám	Tajfun Haiyan: Svět posílá pomoc na poničené Filipíny
Palestinský hladovkář, Izrael dosáhl dohody	Palestinský aktivista zadržen pri Izraelském náletu
Assad říká, že Sýrie bude dodržovat rezoluci OSN ohledně zbraní	Syrský Assad slibuje, že dodrží rezoluci OSN
Jihokorejský prezident vyjadřuje lítost nad rychlostí pomoci trajektu	Jihokorejský prezident vyjadřuje lítost za neštěstí na trajektu
Zvýšení cen potravin vyvolává v Íránu obavy	Američan Chris Horner vyhrává Závod Španělska
Obama rozhodl o Sýrii na poslední chvíli	Obama prosazuje omezené vojenské akce v Sýrii
Základy Jihoafrické republiky jsou postaveny na památce Nelsona Mandely	Australští politici truchlí nad smrtí Nelsona Mandely
Protesty v Turecku, policie použila slzný plyn na náměstí Taksim	Protesty v Turecku, policie vstoupila na náměstí Taksim
Střelba v Chicagu ukazuje mezery v posílení policie	Střelba v Chicagu ukazuje mezery v posílení policie
Federace se posunula k vyžadování bezpečné komunikace mezi auty	Guatemala převrátila rozsudek bývalého diktátora za genocidu
Vůdci ukrajinských protestů jmenovali ministry, ruské jednotky v pohotovosti	Ukrajina odmítá jednat proti ruské ‚provokaci‘
Severní Korea se vyhýbá nabídce rozhovorů	Severní Korea odpálila 2 rakety
Prince Charles 'přirovnává Putina k Hitlerovi'	Prince Charles 'přirovnává Vladimíra Putina k Adolfu Hitlerovi‘
Malala, Snowden, Bělorusové v užším výběru na Sacharovovu cenu	Uprchlík Snowden v užším výběru na cenu za evropská práva
Írán varuje před vojenskou intervencí v Iráku	exploze nedaleko vojenského letiště v Damašku
Izraelský premiér obviňuje Íránského prezidenta z pokrytectví	Řecký premiér obviňuje koalici z pokrytectví
Jeden mrtvý při kolapsu budovy ve Filadelfii, další vytaženi z trosek	Šest potvrzených mrtvých po kolapsu budovy ve Filadelfii
Střet policie s mládeží v Káhiře po protestu proti Mursímu	Egypt: Střet Policie s demonstranty sympatizujícími s Mursím
Top diplomati se setkají v Mnichově v kritické době	Top diplomati diskutují Íránský jaderný program
Snowden získal uprchlický dekret od Ekvádoru	Snowden připravený odletět z Moskvy
Zpráva presidenta NA Äôse o dni svobody světového tisku	Pákistán se připojil ke dni svobody světového tisku
Ministři zahraničí EU zemí diskutují zbrojní embargo Sýrie	Ministři zahraničí EU zemí hledají řešení na sýrijských zbraní
Počet obětí filipínského zemětřesení stoupl na 185	Počet obětí filipínského zemětřesení stoupl na 144
Náhled akcií po pondělní uzávěrce	Náhled akcií v pondělí
Armádní letouny zabily 38 ozbrojenců při náletech v severozápadním Pákistánu	Americké drony zabily 4 ozbrojence v Pákistánu
Egyptská policie použila slzný plyn na demonstranty v Káhiře	Policie použila slzný plyn na demonstranty v Káhiře
ElBaradei se stal egyptský premiérem	Liberál ElBaradei byl jmenován egyptským premiérem, islamisté pláčou
Filipíny zadržely druhého senátora kvůli korupci	Filipínách se vzpamatovávají po silném tajfunu
Německý vyslanec je optimistický ohledně rozhovorů Íránu a G5	írán ‚opatrně optimistický‘ ohledně budoucích jaderných rozhovorů
Proslulý španělský flamengo-kytarista Paco de Lucía zemřel	Španělský flamengo-kytarista Paco de Lucia zemřel ve věku 66ti let
Čínský ledoborec změnil kurz k podezřelým objektům	Čínské průzkumné letadlo našlo ‚podezřelé objekty‘
Drogový lord byl zajat mariňáky v Mexiku	Podezřelý drogový lord známý jako El Taliban, se nacházel v Mexiku
SC odmítá žádost vlády o přezkum případu daňového poplatku u Vodafone	SC odmítá návrh na petici k verdiktu o daňových poplatcích Vodafone
Výbuch zasahuje ropovod v Sýrských Homs	Výbuch zasahuje potrubí, zatímco Assad útočí na města
Voják z NATO byl zabit při afghánském útoku	Voják z NATO byl zabit v Afghánistánu
Castro v pondělí oslavuje 86. narozeniny	Fidel Castro oslavuje 86. narozeniny
Izraelský bývalý špion varuje před "mesiášskou" íránskou válkou	Izraelský bývalý špionážní šéf: nevěřte vedení nad Íránem - video
Eye Opener: Nejvyšší soud rozhoduje o imigračním právu v Arizoně	Nejvyšší soud Spojených států vydává rozhodnutí o rozdělení imigračního práva v Arizoně
NATO si vytyčuje cestu z Afghánistánu	Šéfové NATO se zavázali k odchodu z Afghánistánu
Podle Sýrie zabil sebevražedný atentátník 10 v Damašku	Damaškový bombový útok zabíl 10
Tropická bouře směřuje k pobřeží Hondurasu	Varování před tropickou bouří pro jihovýchodní pobřeží
Teenager v Číně zabil 8 lidí, 5 ran po útoku nožem	Teenager zabil nožem 8 lidí
Sýrští rebelové přesunují velení od Turecka do Sýrie	Volná syrská armáda přesunuje velitelství z Turecka do Sýrie
Mluvčí Knessetu: Obamovo znovuzvolení je pro Izrael špatné	Sedm států si stěžuje na zákon kontroly porodnosti od Obamovy vlády
Netanyahu se rozhodl oznámit předčasné volby	Izraelský Netanyahu se rozhodl uspořádat předčasné volby
Řecké dluhopisy mají největší restrukturalizaci dluhů v historii	Řecko zajisťuje největší zadlužení v historii
Putin vyhrál ruské prezidentské volby	V ruských prezidentských volbách začíná hlasování
Sebevražedný atentátník zabil 12 lidí v kostele v Nigérii	Sebevražedný atentátník zabil 21 lidí v severozápadním Pákistánu
Indický ministr financí se přestal ucházet o prezidenta	Julian Assange se plánuje ucházet o post do australského senátu
Jerry Sandusky byl shledán vinným ze sexuálního zneužívání dítěte	Sandusky byl shledán vinným ze sexuálního zneužívání dítěte
Tři Tibeťané se obětovali v západní Číně: zpráva	7 Tibeťanů se obětovalo v Číně
Saudisté povolují ženám soutěžit na olympijských hrách	Saudským ženám je umožněno soutěžit na olympijských hrách
Nigerijská univerzitní napadnuta ozbrojenci	 Nigérie: Bombový útok na univerzitu na severu
Spojené státy tvrdí, že jsou připraveny na pomoci slepému čínskému aktivistovi	USA jsou připraveny pomoci čínskému aktivistovi: oficiálně
Čínská vláda slibuje zlepšení ekonomiky	Čínský premiér Wen slibuje vytváření pracovních míst
Annan, šéf OSN vyzval Radu bezpečnosti, aby jednala o Sýrii	Rusko, Čína vetuje Radu bezpečnosti OSN ve věci Sýrie
Green Lantern se znovu představuje jako homosexuál v DC komiksech	Green Lantern se znovu objevuje jako homosexuální superhrdina
Vojenské letadlo havarovalo v jižní Francii: úřady	Vojenské letadlo havarovalo v jihovýchodním Turecku, 1 mrtvý
Tropická bouře Isaac zvyšuje nároky nezaměstnaných	Tropická bouře Joyce se formuje, stále zůstává v otevřeném Atlantiku
Gazané vypálili 2 rakety na Izrael; žádná zranění	2 rakety Gazy zasáhly Izrael; žádná zranění
Romney označil Paula Ryana jako spoluběžícího	Romney jmenoval Ryana jako spoluběžícího
Akcie rostly brzy po řecké dohodě, poté se růst zastavil	Akcie se zvýšily po řecké dohodě
Sebevražedný bombový útok otřásl elitním vojenským táborem v Jemenu	Sebevražední atentátníci zaútočili na vojenské základny v Jemenu
NATO: 2 mezinárodní jednotky byly zabity v Afghánistánu	Tři jednotky NATO byly zabity v Afghánistánu v jeden den
Útočníci v nákupním centru použili strategii "míň je víc".	V Keni útočníci použili strategii "míň je víc".
Představitelé opozice se objeví u připomenutí smrti Kambodžských pracovníků.	Představitelé Kambodžské opozice byli předvoláni k soudu.
Slabé zisky táhnou akcie dolů.	Slabé zisky táhnou akcie na Wall Street dolů.
Zemětřesení o síle 6.8 stupňů zasáhlo Šalamounovo ostrovy.	Rozsáhlé zemětřesení o síle 6.3 zasáhlo Šalamounovo ostrovy: USGS.
Únik kapalného amoniaku zabil v Šanghaji 15 lidí.	Únik kapalného amoniaku zabil v Šanghaji nejméně 15 lidí.
Přátelé Sýrie uznávají opoziční koalici jako legitimní zástupce syrského lidu.	USA, přátelé Sýrie uznávají opozici jako výhradní zástupce.
Weiner zůstane v úřadě starosty NYC po přiznání nového skandálu se sextingem.	Weiner mávnul rukou nad posledním skandálem online sexu.
Počet obětí letecké havárie v Rusku stoupá.	Počet obětí autobusové nehody v Itálii se vyšplhal na 39 obětí.
Indické media: summit Commonwealthu.	Indické PM uráží summit Commonwealthu.
Sebevražedný atentátník zaútočil na pohřeb v Iráku.	Sebevražedný atentátník zaútočil v Sýrii.
7 zadržených lidí pro skandál "domácí sestra".	Čína zadržela 7 lidí pro skandál "domácí sestra".
Náčelník Syrské vojenské policie zběhnul k opozici.	Náčelník Syrské vojenské policie zběhnul k rebelům.
Boeing 787 Dreamliner vzplanul; akcie padají.	Akcie Boeingu padají po požáru na 787 Dreamliner.
Yvette Cooper podporuje zákon o sňatkách gayů.	Bílý dům podporuje svatby gayů.
5 zabitých při havárii autobusu v Belgii.	Teenageři mezi 5 mrtvými při autobusové nehodě v Belgii.
Ozbrojenci unesli sedm zahraničních pracovníků v Nigérii.	Sedm zahraničních pracovníků uneseno v Nigérii.
Švýcarského turistu "znásilnili" v Indii.	Švýcarského turistu znásilnil gang v Indii, říká policie.
Palestinci v rozporu s izraelskými silami ve West bance, Jeruzalém.	Palestinci v rozporu s bezpečnostními silami ve W. bance.
Izraelská letadla udeřila v Sýrii.	Izrael zahajuje nálet na Sýrii.
Íránci hlasují v prezidentských volbách.	Keita vyhrává v prezidentských volbách na Mali.
100 zabito v novém Dárfúru při kmenových střetech.	"9 mrtvých" v novém Dárfúru při kmenových střetech.
Protest proti zásahu amerických dronů v Paku odložen.	6 zabitých při útoku U.S. dronu v severozápadním Pákistánu.
12 lidí zabito při nehodě autobusu v Pákistánu.	10 lidí zabito při silniční nehodě v severozápadním Pákistánu.
Carney nastavuje vysokou laťku pro změnu na BoE.	Carney nastavuje vysokou laťku na změny v Bank of England.
8 lidí zatčeno po smrtícím kolapsu budovy v Bangladéši.	Čtyři lidi zatčeni, počet obětí Bangladéšské budovy vzrostl na 352.
Sebevražedný atentátník zabil 3 lidi na americké základně v Afghánistánu.	Sebevražední atentátníci zaútočili na americkou základnu v Afghánistánu.
Afghánci se hrnou do škol, i přes hrozbu Taliban loom.	Afghánský Guvernér přeběhl k Talibanu.
Severní Korea odložila rodinná setkání s Jihem.	Severní Korea "odloží" rodinné svazky s Jižní Koreou.
Příjmy Applu znovu chybí, iPhone zklamáním.	Pravidla US obchodní agenturu pro Samsung, zakazuje dovoz iPhone 4.
Ozbrojenci zabili 10 zahraničních turistů v severním Pákistánu.	Ozbrojenci zabili 11 zahraničních horolezců v Pákistánu.
David Beckham oznamuje odchod z fotbalu.	David Beckham odejde z fotbalu.
Matt Smith po 4 letech opustí Doctor Who.	Matt Smith ukončí BBC Doctor Who.
Generace rozděleny přes sňatky homosexuálů.	Summit G20 končí rozdělen ohledně Sýrie.
23 lidí zabito při bombardování aut v Iráku.	10 lidí zabito při bombovém útoku v Iráku.
Muž, který se zapálil na National Mall zemřel na zranění.	Muž, "který se upálil" na National Mall zemřel.
Útoky Talibanu zabili v Afghánistánu 17 civilistů.	Při sérii útoků v Afghánistánu zemřelo 10 policistů.
Čínský yuan posiluje na 6.168 vůči dolaru, pondělí.	Čínský yuan posiluje na 6.1696 vůči dolaru, čtvrtek.
Egyptský ministr přežil pokus o atentát.	Syrský premiér "přežil pokus o atentát".
Obyvatelé Texasu hledají pomoc v kostele po smrtícím výbuchu.	Obyvatelé se vrací do Texasu, místo výbuchu.
Šinzó Abe byl zvolen japonským premiérem.	Šinzó Abe je japonský premiér.
Ex-první dáma Barbara Bush opustí Texaskou nemocnici.	Bývalá první dáma Barbara Bush opustí nemocnici.
2 mrtví v Bangladéši při střetu v průběhu popravy vůdce Jamaata.	Bangladéšský islamistický vůdce popraven.
Schumacher v kómatu po lyžařské nehodě.	Michael Schumacher stále v kómatu bojuje o život po nehodě na lyžích.
11 lidí zabito při útoku na čínskou policejní stanici.	Jedenáct lidí zabito při útoku na čínskou policejní stanici.
Mali kvůli hlasování pro prezidenta.	Mali sčítá hlasy po rozhodujícím kole prezidentských voleb.
Bradley Cooper a JJ Abrams v jednání o natáčení životopisného filmu Lance Armstronga.	Bradley Cooper v rozhovorech, kdo bude hrát Lance Armstronga v životopisném filmu.
Letadlo Boeing havarovalo v Rusku, 50 mrtvých.	Letadlo Boeing havarovalo v ruském městě Kazaň, 50 mrtvých.
EU ministři jsou odhodlaní vyřešit skandál s koňským masem.	EU ministři vedou a pořádají krizové rozhovory ohledně skandálu s koňským masem.
De Blasio složil přísahu jako starosta New Yorku, nástupce Bloomberga.	Bill De Blasio složil přísahu jako starosta New Yorku, nástupce Michaela Bloomberga.
Thajská opoziční strana bojkotovala všeobecné volby.	Thajská opozice vyhlašuje bojkot voleb.
Zhroucení budovy v Bangladéši, počet obětí dosáhl 540 mrtvých: armáda.	Zhroucení budovy v Bangladéši, ztráty na životech přes 1000 mrtvých.
Alyokhina členka Pussy Riot propuštěna z vězení v Rusku.	Marija Aljochinová členka Pussy Riot propuštěna z vězení.
Jagan Reddy přesunut do nemocnice, energetická krize v Seemandhře pokračuje.	Telangana: Jagan strávil čtvrtek v nemocnici; výpadek v Seemandhře pokračuje.
Letadlo společnosti Asiana nouzově přistane na letišti v San Francisku.	Letadlo nouzově přistane na letišti v San Francisku.
Prezident Středoafrické republiky svržen vzbouřenci.	Prezident Středoafrické republiky, premiér odstoupí.
Brazílie remízovala 2-2 s Anglií, Maracana znovu otevře.	Brazílie s Anglií remízovala 2-2, Maracana znovu otevře.
Čína pokračuje v investičních rozhovorech s Amerikou.	Čína a Tchaj-wan vedou historické rozhovory.
Kalifornie požár: 1900 na linkách, jak hasiči pracují na omezení škod (+ video).	Kalifornie požár roste, ale úředníci říkají, že hasiči dělají pokrok.
George W. Bush varuje před hořkou imigrační debatou.	George W Bush tíží imigrační diskuse.
Mandela hospitalizován, reaguje na léčbu.	Mandela hospitalizován poté, co ukončil řeč.
Rusko odsuzuje severokorejský jaderný test.	Jižní Korea potvrzuje, že Severní Korea provedla sporný třetí jaderný test.
Stovky dělníků Bangladéšské továrny na oblečení onemocnělo.	Stovky onemocněli v Bangladéšské továrně.
Jemen, sebevražedný bombový útok zabil vojáky.	Sebevražedná bombová atentátnice zabila 16 lidí u ruské stanice.
18 lidí uvězněno po výbuchu v ruském uhelném dolu.	Výbuch zabil deset lidí v ruském uhelném dolu.
Thajští protestující pronikli do armádního ústředí.	Thajští protestující zaútočili na armádní ústředí.
Izrael provádí nálet na Sýrii.	Izrael zahajuje nový nálet proti Sýrii.
Policie vypaluje slzný plyn k rozehnání demonstrantů v Tunisu.	Policie vypaluje slzný plyn proti demonstrantům v Káhiře.
Blizzard zasáhl severovýchod USA, pět mrtvých, 700,000 bez energie.	Blizzard spráskal severovýchod USA, silnice uzavřeny.
Hlavní opoziční Egypta odmítá prezidentovu výzvu k debatě.	Egyptská opozice zvažuje reakci na výzvu na Morsiho debatu.
Tokio bude hostit olympijské hry 2020.	Zápas přidán na olympijské hry v Tokiu 2020.
"Kolem 100 mrtvých nebo zraněných" po Čínském zemětřesení.	Stovky mrtvých nebo zraněných v Číně při zemětřesení.
Bydlení nastartuje na 6,8% v květnu.	Květnové bydlení nastartuje na 6,8%.
2 francouzští novináři zabiti v Mali.	Dva francouzští novináři zabiti v Mali.
& Gt; Kubánský Castro předpokládá CELAC předsednictví.	Kubánský Castro převezme předsednictví CELAC.
Vozidla vzplanula ve zhrouceném tunelu v Japonsku.	Vozidla "ponechána hořící", kouř vychází z Japonského tunelu.
Zemětřesení o velikosti 6.9 zasáhlo Nový Zéland.	Zemětřesení o velikosti 5.6 otřásá Íránem.
Desítky vystrašených lidí uvězněných po kolapsu budovy v Indii.	Záchranáři se snaží najít 20 stále uvězněných lidí v Indii po kolapsu budovy.
Nelson Mandela převezen do nemocnice.	Nelson Mandela propuštěn z nemocnice.
Daily Press Briefing: Jižní Sudán.	Daily Press Briefing: Sýrie.
Islamisté zaútočili na město na severu Mali po sebevražedných útocích.	Islamisté napadají malijské vojáky v Gao.
Kardinálové vstoupili do Vatikánu, kvůli historickému hlasování.	Kardinálové vstoupili do Sixtinské kaple, aby zvolili papeže.
Británie je připravena vyhostit Abu Qatadu.	Británie ztrácí nabídku na deportování radikálního duchovního Abu Qatady.
Francouzský parlament podporuje reformu zákona o prostituci.	Ruský parlament zvažuje zákaz amerických adopcí.
Výstřely, výbuchy, jsou slyšet, jak Thajci pokračují v protestu v Bangkoku.	Střelba, exploze provázejí Thajské protesty, den před volbami.
Izraelská armáda se zaměřuje na severní hranici.	Egyptská armáda převezme kontrolu nad Muslimským bratrstvem, podpůrci.
Severní Korea blokuje přístup do Kaesongu.	Severní Korea slibuje restartování jaderných zařízení.
AU vůdcové se setkají na dni pro Afriku.	Egyptský mladý vůdce zadržen po dobu čtyř dnů.
Dnes v historii 23. dubna.	Dnes v historii 21. ledna.
Manning odsouzen k 35 letům vězení.	Ariel Castro odsouzen k 1000 letům vězení.
Americký Senát schválil daňovou skalní dohodu.	Je to oficiální: Dohoda dosáhla na "daňový útes".
Zimmerman zastaven za překročení rychlosti v Texasu, propuštěn s varováním.	Zimmerman zastavil v Texasu, kvůli rychlé jízdě, dostal varování.
Íránský Rouhani varuje před talibánizací v Sýrii.	Rusko, Čína znepokojeni izraelskými nálety v Sýrii.
Sýrie popírá zprávy o smrtícím útoku v Damašku nervovým plynem.	Američtí spojenci získali pomoc k odražení íránských počítačových útoků.
Čínské akcie pomalu rostou po ekonomické schůzce.	Čínské akcie pomalu porostou ve středu.
Rusko odhaluje vazbu na olej v Pacifiku za 30 miliard $.	Rusko odhaluje vazbu na olej v Pacifiku za 25 miliard $.
Policie zabila střelce, našla tři další mrtvé v Colo. Z domova.	4 mrtví poté, co si policie držela odstup, střelec se zabarikádoval v americkém domě.
Dolce and Gabbana odsouzena za daňové úniky.	Dolce and Gabbana dostala pokutu v italském daňovém případu.
Zemětřesení o velikosti 7,2 udeří v Pákistánu: CENC.	Zemětřesení o velikosti 7,7 udeří v SW Pákistánu.
UK je ostražitá ohledně Syrských chemických zbraní.	Západ zvyšuje dohled nad Syrskými chemickými pohledávkami.
Hodnota čínských akcií v pátek mírně klesne.	Hodnota čínských akcií ve středu mírně poroste.
Asteroid sviští mezi Zemí a satelity.	Asteroid prolétá kolem Země.
Boj o Malijské město odráží islamistické taktiky.	EU trénuje armádu Mali k boji proti severním islamistickým ozbrojencům.
Dva stopaři Santy soupeři letošní Vánoce.	Španělsko vrací hodiny zpět na siestu.
Lodě se připravují na přepravu Syrských chemických zbraní.	Sýrie vložila do bomb chemické zbraně, čekají na Assadův rozkaz.
Starosta říká, že za 14 mrtvých v Texasu může výbuch hnojiva na rostliny.	Záchranáři hledají přeživší po výbuchu hnojiva na rostliny v Texasu.
2 zabití, 11 zraněných při útocích v Iráku.	15 zabito, 90 zraněno při nedávných útocích v Iráku.
Může USA věřit Sýrii, v předání chemických zbraní?	USA říká, že Sýrie může použít plyn sarin v chemických zbraních.
Mexická zpěvačka Jenni Rivera pravděpodobně zemřela při letecké havárii.	Jenni Rivera, mexická hudební hvězda, zemřela při letecké havárii.
Bangladéšský soud odsoudil prvního zákonodárce k trestu smrti za válečné zločiny.	Britský premiér tlačí na Srí Lanku, kvůli válečným zločinům.
Mugabe prohlášen za vítěze sporných voleb.	Zimbabwe: Mugabe prohlášen za vítěze sporných voleb.
Počet obětí potopené lodi v Indonésii vzrostl na 15 mrtvých.	Indonésie: Počet obětí převržené lodi v Indonésii vzrostl na 11 mrtvých.
Egyptský soud zakazuje Muslimské bratrstvo.	Egyptský soud zakazuje činnost Muslimského bratrstva.
Rouhani vede v Íránu v prezidentských volbách - předběžné výsledky.	Rouhani vede po počátečním sčítání v Íránu.
Izraelci, Palestinci se domlouvají na výměně vězňů.	Izraelští zákonodárci vyzývají k prozkoumání případu vězně X.
Policie napadena při protestech o Belfastskou vlajku.	Rozhovor s policií, násilí ohledně vlajky.
CBN opakuje plán vyřazovat polymerní bankovky.	Nigérie oznámila plány na změnu polymerních Naira bankovek.
Jižní Korea navrhuje "konečný" rozhovor ohledně Kaesongu se Severní Koreou.	Severní Korea navrhuje rozhovory na vysoké úrovni s USA.
Indie, oběť hromadného znásilnění "bojuje proti přesile".	Indická oběť znásilnění zemřela v nemocnici v Singapuru.
Ozbrojenec zabil 9 zahraničních turistů a jednoho Pákistánce.	Ozbrojenec zabil 11 zahraničních turistů v Pákistánu.
Prohlášení mluvčího zastupitelky Catherine Ashtonové o poslední záplavě útoků v Iráku.	Prohlášení mluvčího zastupitelky EU Catherine Ashtonové o obnovení poprav v Iráku.
Egypt zvyšuje bezpečnostní opatření před pro-Morsi protesty.	Egypt se připravuje na masivní protesty.
Yacimovich žádá kabinet, aby schválil propuštění palestinských vězňů.	Izrael souhlasí s propuštěním 104 palestinských vězňů.
US špionážní složky obviňují NSA z úniku informací.	US špionážní složky obviňují Snowden kvůli úniku informací.
Palestinci staví další protestní stan na západním břehu.	Palestinské vůbec první hlasování OSN symbolicky dosud historické.
Zřícení budovy v Bangladéši má na svědomí 362 mrtvých.	Počet obětí stavebního kolapsu budovy v Bangladéši stoupá na 580 mrtvých.
Izraelští velvyslanci předvoláni kvůli plánům na dohodu.	Británie předvolala izraelského velvyslance kvůli dohodě.
Syn čínského generála byl odsouzen na 10 let vězení za znásilnění.	Syn čínského generála byl odsouzen na 10 let vězení za skupinové znásilnění.
2 mrtví, 2 zranění po střelbě v Nevadě na střední škole.	Nevada: 2 mrtví, 2 zranění po střelbě na střední škole.
Mírné zemětřesení otřásá severozápadním Pákistánem.	Mírné zemětřesení zasáhne jižní Pákistán.
Hamás, zákaz smíšených škol vstoupí v platnost.	Hamás, zákaz smíšených škol.
32 lidí zemřelo při protestu v Bangladéši.	1 člověk zabit při protestu v Bangladéši.
Muž zatčen po zastřelení policisty v Leedsu.	Námořnictvo naléhá na vypuzení důstojníka, který fingoval smrt.
Ukrajinský premiér odstoupí uprostřed protestů.	Turecký premiér chce tvrdě zasáhnout proti protestantům.
Obama se zaměří na ekonomiku ve Státě unie.	Factbox: Co je třeba hledat v Obamově řeči o Státu unie.
Google vypouští internetové zářící balóny.	Google hraje mezinárodní daňovou hru.
Irák podporuje zákrok Egypta proti příznivcům Morsiho.	Irák podporuje zákrok Egypta proti příznivcům Mohameda Morsiho.
Rusko dává počáteční OK pro zákaz amerických adopcí.	Rusko dává počáteční schválení zákazu adopcí.
Pět lidí v Kosovu odsouzeno za obchodování s orgány.	Kosovo: 3 lidi půjdou do vězení za obchodování s orgány.
Hrithik Roshan a manželka Sussanne se rozloučí.	Hrithik Roshan a Sussanne se rozvedou.
Střelec mezi sedmi mrtvými po střelbě v apartmánu na Floridě.	Střelec mezi sedmi mrtvými po přestřelce v apartmánu na Floridě.
Obama v inauguračním projevu chválil pokrok v ohledu homosexuálních práv.	Tisíce protestních homosexuálních manželství ve Francii.
Vlna bombových útoků zabila 15 lidí v Iráku.	Automobilové bomby zabily nejméně 49 lidí v Iráku.
Šokující tah, Obama odložil útok na Sýrii.	Obama odložil útok na Sýrii.
Izrael utočí na Sýrii, kvůli napětí ohledně zbraní.	Nálety zranily civilisty v Syrské Derae.
Ozbrojenec zabil devět lidí v severozápadním Pákistánu.	Radikálové zabili 6 vojáků v severozápadním Pákistánu.
Havárie letadla v San Francisku v kostce.	Dva mrtví, 181 zraněných při leteckém neštěstí v San Francisku.
8 lidí zatčeno po smrtícím kolapsu budovy v Bangladéši.	Pracovníci protestují po kolapsu budovy Bangladéši.
Cestující vánoční výletní lodi nakaženi norovirem.	Pohřešovaný cestující výletní lodi je Ambo NSW.
Ohledně smrti Diany byla polici předána nová informace, vztahující se k smrti princezny Diany a Dodi Fayed, zdá se, že obsahuje možné tvrzení, že byli zavražděni.	Nové informace ohledně smrti Diany a Fayed, smrt princezny Diany a Dodi Al Fayed jsou znovu vyšetřovány policií, po obdržení informace.
Snowden žádá, aby mohl zůstat v Rusku.	Snowden vydává první Ruská videa.
Hodnota čínských akcií ve středu mírně klesne.	Hodnota čínských akcií v pátek mírně poroste.
Nadal vynechá Australian Open, kvůli nemocnému žaludku.	Rafael Nadal bude chybět na Australian Open.
Narendra Modi slibuje tvrdý postoj proti Pákistánu.	Modi z Indie slibuje tvrdý postoj vůči Pákistánu.
Thajská policie použila slzný plyn proti demonstrantům.	Brazilský vůdce přerušil mlčení o protestech.
Muž z Kalifornie se hájí, že je nevinný v případu únosu dívky.	Muž z Kalifornie se hájí, že je nevinen v případě terorismu.
Egyptský soud zvažuje propuštění Mubaraka.	Egyptský soud nařídil propustit Mubaraka.
Skauti odložili rozhodnutí o přijmutí homosexuality.	Skauti z Ameriky odložili hlasování o zavedení zákazu gayů.
2 automobilové bomby zabily 8 lidí v jižním Iráku.	Bombardování aut zabilo 14 lidí v severním Iráku.
Van der Sloot se bude ženit ve vězení.	Joran Van Der Sloots se chce ženit v Peruánském vězení.
Tokijské akcie klesly o 0.26 procenta.	Tokijské akcie klesly o 1,53%.
Čínský akciový index v budoucnu poroste - 4. prosince.	Čínský akciový index v budoucnu klesne - 24. ledna.
Obrázky dne: 7. srpna 2013.	Obrázky dne: 11. dubna 2013.
Palestinci zasaženi při Izraelském útoku v Gaze.	Dva Palestinci zabiti při izraelském náletu na Gazu.
Kde je Rusty? Panda červená zmizela z Národní zoo.	Chybějící panda červená se bezpečně vrátila do Národní zoo.
Jesse Jackson Jr. a manželka popírají vinu v podvodu.	Jesse Jackson Jr., manželka popírají vinu v podvodu.
USA vyloučila Venezuelské diplomaty v řadě.	USA vyloučila Venezuelské diplomaty.
BBC veterán Hall přiznává sexuální zneužívání dětí.	Stuart Hall přiznává sexuální útoky na děti.
7 lidí zabito, 3 zraněni při dopravní nehodě v jižní Číně.	20 lidí zabito, 44 zraněno při dopravní nehodě na Filipínách.
Ryanair hlásí rekordní zisky, ale varuje, že růst pravděpodobně letos zpomalí.	Stansted: Ryanair hlásí 13% nárůst ročního zisku, ale varuje před zpomalením růstu v letošním roce.
Akcie v pondělí pod dohledem.	Akcie ve čtvrtek pod dohledem.
Vzpomínáme 50. výročí smrti JFK.	Na 50. výročí smrti JFK, postavil Dalas první památník.
Zemětřesení o velikosti 6,3 zasáhlo Taiwan.	Zemětřesení o velikosti 7,7 zasáhlo Pákistán.
Knihy pomáhají dětem mluvit o novinkách z Bostonského maratonu.	Zpráva o dvou explozích z Bostonského maratonu na cílové čáře.
Tech Sector Heats Up: Google a IBM vykazují vysoké zisky.	Akcie Googlu rostou přes 1000$ pevného zisku.
Královna Beatrix z Nizozemska odstupuje kvůli synovi.	Královna Beatrix z Nizozemska odstupuje ve prospěch syna.
Motoristé zabiti poté, co se zhroutil tunel v Japonsku.	Auta v pasti při kolapsu tunelu mimo Tokio.
Profily kandidátů na prezidentský úřad v Keni.	Italský novinář vybrán jako kandidát na prezidenta.
Izrael propouští palestinské vězně.	Vládní výbor schválí propuštění 26 palestinských vězňů.
Zhroucená budova ve Philadelphii, 8-10 lidí může být v pasti.	Zhroucená budova ve Philadelphii, zprávy o uvězněných lidech.
Obama se setká s rodinou Mandely.	Obama se setká se Zumou a vzdá hold Mandelovi.
Senát US zahájí debatu o držení zbraní.	Senát US zahájí hlasování o zákonu o držení zbraní.
Čínské akcie ve středu klesly.	Čínští studenti napadeni ve Francii.
Bombové útoky zabili 53 lidí v Damašku.	Bombové útoky zabili 13 civilistů v irácké metropoli.
"Přátelé Sýrie" v jednání s Doha o vyzbrojování rebelů.	Sýrie se v jednání shoduje na vojenské pomoci rebelům.
Sýrie odsuzuje izraelské letecké údery.	Série smrtících útoků zasáhla v Iráku.
Egyptský vůdce ukládá výjimečný stav do 3 měst.	Egyptský prezident vyhlašuje stav nouze ve třech městech.
ABVP demonstranti se střetli s policií v Jantar Mantar, házeli kameny.	Demonstranti se střetli s policií v Jantar Mantar, 5 osob zadrženo.
Turecký premiér vyzývá k ukončení protestů v Istanbulu.	Turecké policie používá slzný plyn proti demonstrantům v Istanbulu.
Červené hrozny a borůvky posilují imunitní systém, říkají vědci.	Červené hrozny, borůvky posilují lidskou imunitu.
Dva muži obviněni z teroristických trestných činů.	Saudi narozen v Nigerii obviněn z terorismu v New Yorku.
EU obdrží Nobelovu cenu za mír.	EU získala v roce 2012 Nobelovu cenu za mír.
Začátek býčího festivalu San Fermin krátce opožděn s ohledem na zastínění baskické vlajky.	Býčí festival San Fermin začíná.
Až 21 lidí, většinou cizinci, zabito při sebevražedném útoku v Kábulu.	Brit mezi mrtvými v Kábulu při sebevražedném útoku.
Bývalý důstojník LAPD hledán kvůli Irvine vraždám.	Bývalý důstojník CIA odsouzen k 30 měsícům vězení za úniku informací.
Akcie v Tokiu v blízkosti 0.88pc nižší.	Akcie Singapuru v blízkosti 0,44pc nižší.
Pákistánský soud zuří kvůli otázkám rouhání.	Zprávy Pákistán-UN odhalují alarmující úroveň užívání drog.
Intel McAfee kupuje cloudový síťový Firewall Specialist Stonesoft za 389M $ v hotovosti.	McAfee získal firewall Stonesoft za 389 milionů $.
Zemětřesení o velikosti 4.1 zasáhlo US.	Zemětřesení o velikosti 7.2 zasáhlo Filipíny.
Bangladéšský vůdce opozice odsouzen k smrti za válečné zločiny.	Bangladéš: Uprchlík odsouzen k smrti tribunálem pro válečné zločiny.
Údajný policejní zabiják zabit střelou do hlavy.	Údajný policejní zabiják zabit výstřelem.
2 policajti zabiti po výbuchu ve východním Afganistánu.	Minimálně 28 lidí zemřelo po výbuchu v čínském uhlovém dole.
Bomba v autě na švédském konzulátu v Libyjském Benghází, žádné ztráty.	Bomba v autě zasáhla švédský konzulát v Benghází, nikdo nebyl zraněn.
Musharraf zatčen z případu Lal Masjid.	Musharraf zatčen v Pákistánu.
Irán doufá, že nukleární řeči vytěží 'plán'	Iránské nukleární řeči v Ženevě urychlí velké naděje.
35 militantů zabito v Afghánistánu po nájezdu: oficiálně	12 militantů zabito v Afghánistánu po nájezdu: ministerstvo
Severní Korea údajně otestovala rakety s krátkým dostřelem.	Severní Korea vystřelila rakety s krátkým dostřelem.
Thajští protestanti zabraňují hlasování; 1 mrtvý po násilí.	Thajští protestanti blokují volební místnosti v Bangkoku.
Venezuelský Hugo Chaves umřel na rakovinu	Hugo Chaves: Venezuelský pracovník pro jednotu
Severní Korey třetí test přinesl blíže status nukleární síly.	NATO říká, že nukleární test Severní Korey je vážná hrozba pro světový mír.
Severní Korea provádí třetí nukleární test.	Severní Korea potvrzuje třetí nukleární test.
Indické akcie otevírají rovné.	Indické akcie otevírají nízko.
Macuaský gamblerský příjem dosáhl rekordu $38 milionů v roce 2012.	Macauský gamblerský příjem dosáhl rekordu $38 milionů v roce 2012.
Izraelsko-palestinské diskuse obnoveny v USA.	Izraelci a Palestinci začali diskutovat.
Poznámka na povinné čtení pro pondělí, 25. listopadu 2013.	Poznámka na povinné čtení pro úterý, 8. října 2013.
Nelson Mandelovo vzpomínková bohoslužba.	Nelson Mandela umírá: živé zpravodajství
NM kraj připravil pro homosexuální manželství slyšení.	Nějaký kraj oficiálně razí cestu pro homosexuální manželství.
Libanonská obchodní stávka na protest na politické slepé uličky.	Tuniský prezident říká, sebejistota může přejít v politickou krizi.
4 členové posádky helikoptéry U.S. Air Force zabiti v Anglii po nehodě.	Posádka helikoptéry US Air Force zabita v Británii po nehodě.
Tokio hostí olympijské hry 2020.	Tokio vyhrálo závod o hostování olympijských her v roce 2020
Malajsie zadržuje australského senátora na letišti.	Malajsie zadržuje australského zákonodárce na letišti.
Indická policie shromáždila všech 5 podezřelých z případu mumbajského znásilnění.	Mumbajská policie zatkla pátého podezřelého z případu hromadného znásilnění
Bezpečnostní agentury přitvrzují pro Thatcherovo pohřeb.	Bezpečnostní agentury se obávají nových teroristických hrozeb v Keně.
Jižní Korea říká, že Severní Korea vystřelila rakety.	Severní Korea vystřelila rakety s krátkým dostřelem.
Británie ukončila továrny na koňské maso, skandál dosáhl až do Francie.	EU ministři se rozhodli vyřešit skandál s koňským masem.
US varuje Sýrii před chemickými zbraněmi.	U.S. se obává růstu ohledně syrských chemických zbraní.
37 zabitých po havárii autobusu v Itálii.	12 zabitých po nehodě v Pákistánu.
US skládá bomby na velký bariérový útes.	US vojsko torpéduje bomby blízko australského velkého bariérového útesu
38 talibanských militantů zabito v Afghánistánu.	Talibán zaútočil US základnu v Afghánistánu
Čínský juan posílil na 6,2689 oproti dolaru.	Čínský juan oslabil na 6,2816 oproti dolaru.
US rozpoznává syrskou opozici.	Rusko pozvalo syrskou opozici na diskuzi.
Google investuje 200 milionů $ v Texasu na větrnou farmu.	Google investuje 200 milionů dolarů do projektu Texaské větrné farmy.
Egypt hlasuje o nové ústavě.	Egypťané hlasují o nové ústavě.
Preston a Anglická legenda Tom Finney umírá v 91.	Bývalý anglický velký Tom Finney umírá v 91.
Čína se snaží, aby se ubránila ekonomické pasti.	Pojištění je klíčem k podpoře hospodářského růstu.
Bomba v autě zabila jednoho a zranila pět lidí v Benghází.	Bomba v autě zasáhla libyjské ministerstvo zahraničí v Benghází.
Bomba na silnici zabila 5 lidí v Afghánistánu.	Bomba na silnici zabila 3 policisty v Afghánistánu.
Tamilové ze Srí Lanky hlasují pro větší autonomii.	Sýrie hovoří pro Camerona a Putina.
Francouzská vojska se blíží na Timbuktu.	Francouzská vojska kontrolují přístup do Timbuktu.
Nálet Nato zabil dvě afghánské děti.	Voják Nato zemřel v Afghánistánu.
Ozbrojenci zabili 11 zahraničních turistů v Pákistánu.	Ozbrojenci zabili 11 zahraničních horolezců v Pákistánu.
Severní Korea zastavuje práci na společné průmyslové zóně.	Severní Korea blokuje přístup do společné průmyslové zóny.
Delhi, oběť skupinového znásilnění, bita a otrávena.	Delhi, skupinové znásilnění, verdikt opět odložen.
Demoliční práce na stadionu v Don Valley začínají.	Demoliční práce začne na stadionu.
Francie se zavazuje vojenskou pomocí v Mali Most.	Francouzské podpůrné vojenské operace v Mali.
Nejsilnější tajfun v roce 2013 udeřil na Filipínách.	23 pohřešovaných když tajfun Utor zasáhl Filipíny.
Egypťané hlasují o dělící ústavě.	Egypťané hlasují o změně ústavy.
Reid cituje, "obrovský pokrok" u dluhového stropu rozhovorů.	Vedoucí senátu se objevil u dohody amerického dluhového stropu.
Egypt vyzývá k více protestům.	Počet obětí z Egyptských protestů vzrostl na 49.
Zemětřesení o velikosti 6.2 otřásá Sarangani.	Zemětřesení o velikosti 4.3 otřásá jihozápadní Čínou.
Jeden mrtvý, 11 zraněných v LA při automobilovém chaosu.	6 mrtvých, 33 zraněných v Cotabato při výbuchu.
Základy Jižní Afriky jsou postaveny na vzpomínce Nelsona Mandely.	Australští politici truchlí po smrti Nelsona Mandely.
Turecká protidemonstrační policie použila slzný plyn na protestanty na Taksimském náměstí.	Turecká protidemonstrační policie vstoupila na Taksimské náměstí.
Střelba v Chicagu poukazuje na nedostatky v práci policie.	Střelba v Chicagu poukazuje na nedostatky v práci policie.
Federální policie bude vyžadovat bezpečnostní komunikaci mezi hlídkovými vozy.	V Guatemale došlo ke zvratu v přesvědčení bývalého diktátora ohledně genocidy.
Ukrajinští protestanští vůdci jmenují ministry, Ruské jednotky jsou na pozoru.	Ukrajina odmítá jednat proti Ruské 'Provokaci'.
Severní Korea odmítá vyjednávat.	Severní Korea odpálila 2 rakety.
Prince Charles 'srovnává Putina s Hitlerem'.	Prince Charles 'srovnává Vladimíra Putina s Adolfem Hitlerem'.
Malala, Snowden a Bělorusové postoupili do dalšího kola o Sakharovu cenu.	Uprchlík Snowden postoupil do dalšího kola o Cenu za lidská práva Evropy.
Irán varuje ohledně vojenských zásahů v Iráku.	Exploze poblíž vojenského letiště v Damašku.
Izraelský předseda vlády nazval prezidenta Iránu hypokritem.	Řecký předseda vlády obvinil koalici z pokrytectví.
Jeden mrtvý po zřícení budovy ve Philadelphii, ostatní byli z trosek zachráněni.	Šest potvrzených úmrtí po zřícení budovy ve Philadelphii.
Policie se střetla s mládeží po protestu proti Morsi.	Egypt: Policie se střetla s Morsi sympatizanty.
Nejlepší diplomati se setkali v Mnichově v čase krize.	Nejlepší diplomaté probírají Íránský jaderný program.
Snowden 'získán uprchlický doklad od Ecuadoru'.	Snowden připraven odletět z Moskvy.
Zpráva Severoamerického prezidenta v novinách World Press Freedom Day.	Pákistán označil noviny World Press Freedom Day.
Evropští ministři zahraničních věcí jednají o zákazu zbraní v Sýrii.	Evropští ministři zahraničních věcí hledají řešení k výzbroji Syrské armády.
Počet mrtvých po zemětřesení na Filipínách stoupl na 185.	Počet mrtvých po zemětřesení na Filipínách stoupl na 144.
V pondělí je třeba pozorně hlídat stavy zásob.	V pondělí je třeba hlídat stavy zásob.
Vojenské letouny zabili 38 bojovníků v náletech na Severo-západní Pákistán.	Americký dron zabil 4 bojovníky v Pákistánu.
Egyptská policie použila slzný plyn proti protestantům v Káhiře.	Policie použila slzný plyn proti protestantům v Káhiře.
Liberál ElBaradei se stal předsedou Egyptské vlády.	ElBaradei jmenován Egyptským předsedou vlády, islamisté protestují.
Filipíny zadržely druhého senátora kvůli korupci.	Filipíny se vzpamatovávají po silném tajfunu.
Německý vyslanec je optimistický ohledně vyjednávání mezi Íránem a G5+1.	Irán je 'opatrný' ohledně budoucích vyjednávání o jaderném programu.
Zemřel známý Španělský flamenco kytarista Paco De Lucia.	Španělský flamenco kytarista Paco De Lucia zemřel ve věku 66 let.
Čínský ledoborec změnil kurz směrem k podezřelým objektům.	Číňané prohledávající letadlo našli 'podezřelý objekt'.
Snowden narazil na překážky v pátrání po Azylu.	Snowden narazil na překážky v pátrání po Azylu.
Počet mrtvých způsobených zřícením budovy v Jižní Indii vyrostl na 47.	Při zřícení budovy v Jižní Indii zemřeli 4 lidé.
Pákistán uvalil dočasný zákaz vysílání 2 televizních stanic.	Pákistán skončil soudní proces proti agentu FBI.
Palestinští vězni přijeli na Muqatu v Ramallah.	Pákistánští vězni napadeni ve vězení v Jammu.
10 mrtvých a pět zraněných si vyžádala dopravní nehoda v jihozápadní Číně.	5 zraněných si vyžádala autonehoda ve městě Gaza.
Math Smith opustil BBC seriál Doctor Who.	Math Smith opustil BBC seriál Doctor Who.
Thajská vláda svolala bezpečnostní složky k potlačení protestů v Bangkoku.	Thajské bezpečnostní složky zůstávají v kasárnách, protože protesty se uklidnily.
Aso odmítá odstoupit kvůli komentářům nacistů.	Španělský předseda vlády odmítá rezignovat kvůli korupčnímu skandálu.
Exploze zabila 29 lidí před dvěma mešitami v Libanonu ve městě Tripolisu.	2 exploze otřásly kamenným městem v severním Libanonu.
Pákistánská letadla bombardují 'úkryty Talibánu'.	Pákistán požaduje zastavení dodávání vojenských zásob Sýrii.
Tajwanská ekonomika vzrostla o 2.27% během druhého čtvrtletí.	Růst Čínské ekonomiky se zastavil na 7.8% za poslední čtvrtletí.
Střelec zabil osm lidí při druhém útoku v Keni.	Střelec 'zabil 15 lidí' při druhém útoku v Keni.
Spojené státy obnovily, po zveřejnění, hledání ztracených Britských námořníků.	Pobřežní hlídka spojených států zastavila hledání Britských námořníků.
Záchranáři odklízejí trosky po pádu budov v Indii.	Vybrané obrázky zřícených budov v Bangladéši.
Irácký bombový útok zabil minimálně 13 lidí.	Irácká bomba v autě zabila minimálně 14 lidí.
Tamerlan Tsarnaev byl pohřben ve Virginii.	Muž podezřelý z bombového útoku byl pohřben na hřbitově ve Virginii.
Egyptské ozbrojené síly vyrazily uzavřít přístup do tábořišť Morsi protestantů.	Egyptské ozbrojené síly vyrazily vyčistit tábořiště po Morsi protestantech.
Autorka Doris Lessing oceněná Nobelovou cenou zemřela ve věku 94 let.	Držitelka Nobelovi ceny Doris Lessing zemřela ve věku 94 let.
Předseda Japonské opoziční strany kritizuje Abeho politiku v oblasti ekonomie.	Zimbabwská opoziční strana MDC napadá vítezství Roberta Mugabeho ve volbách.
3 podezřelí vzati do vazby kvůli bombovému útoku v Bostonu.	Bostonská policie říká, že vzala do vazby 3 podezřelé spojené s bombovým útokem v Marathonu.
Vůdce Ukrajinské opozice chce více protestů.	Protestanti na Ukrajině svrhli Leninovu sochu.
Královna vzdala hold Nelsonovi Mandelovi.	Jihoafrické bratrstvo ragby oplakává Mandelu.
Pokles zboží na trhu spojených států se zklidňuje.	Výprodej technologií snižuje obsah Asijského trhu.
Poslední vlna proti muslimského násilí v Burmě zapříčinila 1 úmrtí a 10 zraněných.	Světová tisková konference: Smrtící proti muslimská vlna násilí je na vzestupu.
Očekávaný útok dronu zabil 5 lidí v Pákistánu.	Dron Spojených států zabil 5 lidí v Pákistánu.
Ehud Olmert, bývalý premiér odsouzen na 6 let vězení za korupci.	Ehud Olmert odsouzen na šest let v Izraeli.
Brahimi se omlouvá Sýrii nad nedostatkem progresu ohledně míru.	Prostředník se omlouvá Sýrii za nedostatek progresu ohledně míru.
Egyptští protestanti dali Morsimu odvolací ultimátum.	Ukrajinští protestanti bojují s policií v nových střetech.
5 faktů o olympiádě v Soči.	7 faktů o etanolu.
Akcie Číny otevírají nízko ve středu.	Akcie Číny zavírají nízko v pondělí.
Zpoždění raketového testu zvedlo v USA napětí.	William Hague: rozhodnutí zastavit raketový test v USA 'citlivé'.
Požár v Pekingu zabil 10 lidí.	Požár v Pekingu zabil deset lidí.
Nejstarší muž na světě umřel ve 116.	Japonsko: nejstarší muž na světě umřel ve věku 116 let.
Indie, Čína inkoustový hraniční pakt; 8 nových ujednání.	Indie, Čína inkoustové ujednání na hraničních řekách.
3 mrtvý, 4 pohřešovaní ve střední Číně po konstrukční nehodě.	Jeden mrtvý, 8 pohřešovaných ve Vietnamu po lodní nehodě.
Pákistánci hlasují v mezních volbách.	Pákistán drží mezník voleb, jako 29 zabitých v útocích.
Venezuela vyloučí tři americké diplomaty.	Venezuela vyloučí 3 americké diplomaty.
Těžký smog zasáhl severní Čínské město, lety jsou zrušeny.	Těžký smog zasáhl severní Čínské město, lety jsou zrušeny.
Rusko tvrdí, že zmařilo možný teroristický čin.	Rusko tvrdí, balistické objekty vystřeleny v Meditarenu.
3 Čínští turisti zabiti v Pákistánu.	Sedm únosců zabito v jižní Nigerii.
Sedmý světový pohár v Keni na dosah.	Střet stylů u soudu otevře soud ve věci smrti mladého muže.
USA, Čína selhaly v nápravě vazeb.	Čína: pokles v nasazení, jak se víra k nalezení po pohřešovaných se rozplývá.
Ozbrojenec zabil 10 cizinců v severním Pákistánu.	Islámští militanti zabili 9 zahraničních turistů a 1 Pákistánce.
Rakušani našli nahromaděných 56 ukradených lebek v domácím muzeu.	Ukradené lebky nalezeny v domácím muzeu.
Egypt zahájil ofenzivu proti sinajským militantům.	Egypt zahájil ofenzivu proti sinajským povstalcům.
Nahrávací nastavení jihozápadně po tepelné vně se ukázalo fatální.	Minimálně jeden mrtvý, 40 hospitalizovaných na jihozápadě po tepelné vlně.
Detroit je zodpovědný za ochranu proti bankrotu: soudce USA.	Detroit je zodpovědný za ochranu proti bankrotu.
Alžírský prezident je na terapii po infarktu: státní media.	Bulharský prezident zkouší zlomit pat ve volbách.
Britský výherce Nobelovi ceny, autor Doris Lessing umřel.	Výherce Nobelovi ceny, autor Doris Lessing umřel.
Úřady izraelské vlády, nové vyrovnání před projednáním.	Izrael vylepšuje nová vyrovnání, doma před mírovým projednáním.
Světový pohár živě: Francie Německo 0-0. 	Světový pohár živě: Německo Ghana 0-0.
Tokio bude hostit hry v roce 2020.	Tokio vyhrálo závody o hostování olympijských her v roce 2020.
Pákistánský Talibanský velitel zabit při útoku amerického dronu.	Pohřeb pro Pákistánského Talibanského vůdce‚ který se uskuteční.
Putin podepisuje krymský dodatek úmluvy.	09:32 Putin ukončuje anexi Krymu.
FAA pokračuje v zákazu US letů do Tel Avivu.	FAA ruší zákaz U.S. letů do Tel Avivu.
Francie varuje před radikály (extremisty) těžícími z egyptských násilností.	Francie se obává, že extrémisté budou těžit z egyptských násilností.
Čínští vyslanci vyvracejí vietnamské, filipínské obvinění kvůli Severočínskému moři.	Čínský Xi říká Vietnamu, že chce mír v Jihočínském moři.
Čtyři lidé zatčeni při největším australském ilegálním dovozu tabáku syndicate.	Policie se zaměřuje na ilegální tabákový syndikát.
Jemen: bitva na severu zabito přes 120 lidí. 	Janet Yellen: pět věcí, které byste nemuseli vědět.
Obama se přesune k naplnění federálního úřadu, Fischer bude číslo 2.	Obama je ochotný mluvit s GOP o rozpočtu.
Pákistánský Musharraf obviněn z Bhuttovo vraždy.	Pákistánský Musharraf obviněn z Bhuttovo smrti.
Íránský prezident odsuzuje použití chemických zbraní v Sýrii.	Vyšetřování údajného použití chemických zbraní v Sýrii.
Třepení společnosti na okrajích.	Zarovnání starých TV způsobuje trhliny na okrajích.
UN zve Írán na syrskou mírovou konferenci.	UN: Írán pozván zúčastnit se syrské mírové konference.
Počet obětí havárie italského autobusu stoupá.	Starbucks uvolňuje cestu k vysokoškolskému titulu pro zaměstnance.
Fotbalový rozhodčí napadený hráčem umírá.	Policie: Utažský fotbalový rozhodčí napadený hráčem umírá.
Angela Merkelová směřuje k těsnému vítězství v německých volbách.	Nový prezident Malawi byl uveden do úřadu po zpochybněných volbách.
Britský teenager zabit pádem z hotelu v Magaluf.	Britský teenager zabit pádem v magalufském hotelu.
Izrael zadržuje 37 Palestinců zatímco zatýkací operace pokračuje.	Izrael kritizuje palestinský postoj k imigrantům.
Rebelové zabíjejí 21 civilistů v syrské obci Alawite.	Bomba zabíjí 18 civilistů v Afghánistánu.
Svět posílá krizovou pomoc pošramoceným Filipínám.	Tajfun Haiyan: svět zasílá pomoc pošramoceným Filipínám.
Palestinský protestní hladovkář, Izrael dosahuje dohodu.	Palestinský aktivista zadržen při razii v Izraeli.
Assad říká, že Sýrie bude plnit rezoluci UN o zbraních.	Sýriský Assad slibuje plnění U.N. rezoluce.
Jihokorejský prezident lituje reakce trajektu.	Severokorejský prezident lituje katastrofy trajektu.
Prudký růst cen jídla v Íránu je znepokojující.	Američan Chris Horner vyhrává Tour of Spain.
Obama udělal rozhodnutí na poslední chvíli v syrském schválení.	Obama zvažuje limitovanou vojenskou akci v Sýrii.
