Skupina čtyř dětí tancujících na dvorku.	Skupina dětí se protahuje na barevných podložkách.
Dva černí psi si hrají na trávě.	Dva černí psi si hrají na travnaté planině.
Skupina teenagerů skáče do vzduchu na pláži.	Skupina mladých lidí, vyskakuje do vzduchu, zatímco jsou na pláži.
Černohnědý pes žvýká velký klacek.	Černobílý pes hrající si v písku.
Chlapec mává dokola prskavkou.	Mladý chlapec točí prskavkou kolem ve vzduchu.
Dva černí psi hrající si v trávě.	Dva psi si hrají v trávě.
Několik lidí v noci posedává okolo ohně.	Skupina lidí v noci postává a posedává kolem na zemi.
Dva chlapci skáčou do bazénu.	Dva chlapci jsou ve vzduchu při skákání do vnitřního bazénu.
Dvě různá plemena hnědých a bílých psů si hrají na pláži.	Dva psi hrající si v písku na pláži.
Muž a dvě ženy oblečeni v upířích kostýmech.	Muž a dvě ženy oblečeni v kostýmech.
Dva chlapci, jeden s kloboukem, na hřišti.	Chlapec v béžovém klobouku se směje, zatímco sedí poblíž vybavení hřiště.
Dva psi hrající si ve sněhu.	Dva psi si hrají ve sněhu.
Žena drží dítě, zatímco muž se kouká na jiného muže držícího dětské hodinky.	Žena stojí v obchodě s rukama venku, zatímco jiná žena drží kameru.
Bílý načechraný pes běží v čistě bílém sněhu.	Načechraný, bílý pes běžící ve sněhu.
Žena držící noviny.	Muž na kolečkových bruslích na kovové tyči.
Skupina mužů hrajících na dechové nástroje.	Skupina chlápků hraje venku na nástroje.
Dvě dívky na břehu pozorují lidi v rybářské lodi.	Dva muži, jeden v červeném a jeden v bílém hrající basketbal.
Snowboardista skáče do vzduchu.	Snowboardista letí vzduchem.
Bílý pes s červenýma ušima běží ve sněhu.	Mokrý černý pes s červeným obojkem je v řece.
Holčička a chlapec se drží za ruce na lesklé skluzavce.	Holčička v kašmírových šatech běží přes písečné hřiště.
Děti hrají fotbal na hřišti.	Tři chlapci hrající fotbal na hřišti.
Skupina mužů jde a visí na lanech.	Skupina mužů hraje vysokoškolský fotbal.
Muž skáče z jedné střechy na druhou.	Mladý muž skáče z jednoho balkónu na druhý.
Černoch v černočerveném spí na lavičce s otevřeným deštníkem.	Muž sedící na lavičce v parku dávající si šlofíka s otevřeným deštníkem, který ho chrání před sluncem.
Jedno dítě tahá jiné, sedící v červeném voze, podél písku.	Chlapec táhne jiného chlapce ve směšném klobouku ve vozítku.
Dvě štěňata hrající si s plastovou taškou.	Dva psi hrající si na dvorku.
Sova má své křídla nahoře a roztažené v průběhu dne.	Pták v průběhu letu má své křída roztažené.
Muž v modré čepici sedí na stoličce pod stromem.	Pes stojící na pláži s míčem poblíž.
Žena zpívá do mikrofonu vedle muže hrajícího na kytaru.	Žena zpívá do mikrofonu s kytaristou v pozadí.
Tři ovce se pasou na louce se psem jdoucím za nimi.	Malá skupina koz v trávě s černobílým psem v pozadí.
Cyklista skáče na kole mezi dvěma kameny.	Muž skáče na kole ve vzduchu mezi dvěma kameny.
Muž se šedivým plnovousem jezdí na kole na pláži oceánu.	Skvrnitý pes stojí na zadních nohách a chytá míč na pláži.
Muž v černém obleku surfuje sám po ničivých vlnách.	Surfař v černém potápěčském obleku jede na bílé vlně v oceánu.
Mladá dívka s nasazeným růžovým kloboukem se žlutou budovou v pozadí.	Mladá dívka v růžových šatech s něčím v ruce.
Dívka v růžových šatech jede na kole podél bílého kolíkového plotu.	Dívka v červených šatech jede na kole před bílým plotem.
Hnědé chlupaté zvíře stojí za nějakými rostlinami.	Pes kouká, zatímco stojí v lese.
Dítě v červené košili, používá černý wakeboard, aby překonalo plážovou vlnu.	Muž v člunu, vesluje přes modrou vodu.
Béžovo bílý pes běží v poli.	Hnědobílý pes běží skrz pole.
Tři malé dívky sedí na trávě.	Dva pudlové běží sněhem.
Hnědý pes běží směrem k fotoaparátu na prašné stezce s horami v pozadí.	Hnědý pes běží dolů směrem ke kameře po skalní stezce skrz křoví s horami v pozadí.
Zlatý retrívr skákající z dřevěné verandy.	Zlatý retrívr skáče z dřevěné verandy.
Pes skáče dolů po rampě.	Dívka skáče v písku.
Pes si hraje v parku.	Pes skáče přes plot v parku.
Dvě mladé dívky, jedna se usmívá.	Holčička na dětské houpačce.
Dva ptáci škádlící se v trávě.	Dva psi si spolu venku hrají.
Čtyři psi stojí ve sněhu.	Čtyři psi hrající si ve sněhu.
Hnědí a černí psi ve sněhu, ukazující zuby a štěkající na sebe.	Černý pes bojující s hnědým psem ve sněhu.
Dva turisté stojí na vrcholu zasněžené hory.	Dva horolezci stojí na vrcholu hory a rozhlížejí se kolem sebe.
Muž běžící na trati.	Běžící muž na trati.
Dvě děti v poli červených květin.	Dvě děti si hrají v poli červených květin.
Mladí muži skáčou ze skály do jezera.	Mladý muž v červených plavkách skáče z velké skály do vody.
Malý černý pes je v trávě.	Černý pes běží v trávě.
Dáma v kimonu se dívá do kamery.	Dvě dívky oblečené v černém sedí v místnosti a dělají sugestivní pózy na kameru.
Skupina lidí nafukuje horkovzdušný balón.	Velká skupina lidí jedoucí na hnědých a bílých koních.
Děti si hrají na boj s meči.	Dítě a rodič se mazlí s koněm.
Muž jede na windsurfu v oceánu.	Pes běží oceánem.
Muž na bruslích sjíždí řadu schodů.	Muž na lyžích sjíždí zasněžený kopec.
Tři psi závodící na prašné dráze.	Auta závodící na prašné dráze.
Dva lidé držící se za ruce a jdoucí v poli.	Dva muži, procházející kolem nástěnné malby auta.
Hnědý pes honí frisbee.	Hnědý pes válející se na trávě.
Dáma ve žlutém oblečení je ve vzduchu nad postelí ve žluté místnosti.	Pes s červeným vodítkem je stále zapojen do honičky po trávě za tenisovým míčkem.
Žena v červených montérkách, stojící na chodníku.	Žena v červených montérkách stojí na chodníku.
Pes běží přes dvorek plný listů.	Tři psi běží přes pole.
Dvě štěňata hrající si kolem v trávě.	Dvě štěňata si hrají v trávě.
Světle zbarvený pes běží v trávě.	Pes běží přes trávu.
Dva černobílí psi si hrají spolu venku.	Dvě děti a černý pes si hrají venku ve sněhu.
Tři psi běžící vodou.	Černý pes běžící vodou.
Žena sedí sama naproti cihlové zdi.	Žena se prochází se svojí červenou taškou.
Lyžař skáče do vzduchu přes sněhové pole v blízkosti pohoří.	Žena sedí u záhonu s výhledem do tunelu.
Hnědý pes nesoucí klacek v tlamě.	Pes plavající s klackem v tlamě.
Mladá žena se naklání k talíři při jídle.	Mladá žena, nahoře bez pomalovaná barvou a bahnem.
Psi si hrají ve sněhu.	Dva psi hrající si na pobřeží.
Mladý chlapec v červených plavkách skáče do bazénu.	Pes je stříkán hadicí, zatímco skáče do brouzdaliště.
Osoba, která leze na zasněžené kopce, je následována jejím psem.	Osoba šplhá na zasněžené kopce, zatímco černý pes následuje.
Hnědý pes sedí na pláži.	Pes běžící na pláži.
Potápěč ponořený ve vodě.	Potápěč je pod vodou.
Muž jede na kole ze zaprášeného kopce.	Cyklista sjíždí dolů po zábradlí.
Velký šedý pes si hraje v hlubokém sněhu.	Čtyři psi, hrající si ve sněhu.
Muž jedoucí na kole na pláži u oceánu.	Muž jdoucí se svou krávou po straně silnice.
Dva psi běží na trávě před stromy.	Hnědý pes běží na trávě před nějakými stromy.
Pes v autě.	Pes kouše do mopu.
Dítě drží objekt, který je v jednom ohni.	Dítě v růžovém má objekt, který se zdá být v jednom ohni.
Pes s plandavýma ušima jdoucí směrem k fotoaparátu v lese.	Dítě před vlastním odrazem se otáčí na kameru a usmívá se.
Hnědý pes stříkající vodu všude otřepáváním vody ze sebe.	Bílý pes stojí u řeky, otřásající se do sucha.
Mladý chlapec lezoucí na skalní stěnu.	Pět chrtů závodí na pískové dráze.
Černobílý pes běží na pláži.	Černohnědý pes běží sněhem.
Mnoho lidí ze středního východu sedí v zadní části modrého vozu.	Skupina lidí jede v zadní části kamionu.
Člověk se dvěma lyžařskými hůlkami sjíždí zasněžený kopec.	Člověk na lyžích sjíždí zasněžený kopec.
Žena jí ryby v restauraci.	Žena jí velkou rybu v restauraci.
Dítě a dva psi si hrají ve vodě.	Dítě v červenomodrých rukávkách dívající se na vodu.
Skateboardista dělající trik na kamenné zdi.	Skateboardista jedoucí do svahu.
Lidé stojí na eskalátoru jedoucím nahoru.	Lidé jedou nahoru na eskalátoru.
Dáma běží se svým psem na kurzu hbitosti.	Trenér běží se svým psem na tréninkovém kurzu v zelené trubce.
Bílohnědý pes si oklepává uši.	Hnědý pes běží přes písek.
Skateboardista skáče ze schodů.	Pes skáče ze schodů.
Některé děti zvedají ruce a tleskají.	Tři děti hrají fotbal na písku.
Muž vyfoukává velké bubliny.	Muž venčící velkého černého koně.
Dva lidé sedí v doku kousek od vody.	Dva lidé sedí na konci doku uprostřed klidné vody.
Dva psi běžící společně a jeden má kachní hračku v tlamě.	Černobílý pes jdoucí po trávě s dlouhým klackem v tlamě.
Černobílý pes běží po trávě.	Černo bílý pes plave v modré vodě.
Hokejový brankář ležící na ledu před brankou.	Hokejový hráč leží na ledu před bránou.
Lyžař má na sobě modré oteplovací kalhoty, letí vzduchem poblíž skokánku.	Lyžař stojí na ruce na sněhu před videokamerou.
Hnědý pes běží po travnaté cestě.	Hnědý pes běží po travnatém úseku děleným řetězem.
Dívka má na sobě modré proužkované tričko a kolečkové brusle.	Muž v černobílé košili skákající na psím hřbetu.
Potetovaný muž v černém hrající na bílou kytaru a zpívá.	Žena v černobílém plášti a chrániči sluchu.
Pes běžící po pláži.	Chlapec a dívka běžící po pláži.
Mladý muž a žena sedící venku na lavičce se líbají.	Muž a žena sedící na lavičce se líbají.
Hnědý pes vyskakuje, aby chytil zelený pásek do jeho tlamy.	Šedý pes, skáče, aby skousl zelené vodítko.
Černý pes běží v trávě.	Černohnědý pes běžící v trávě.
Žena sedí na chodníku s mobilním telefonem u ucha.	Žena jede na kole.
Tři psi si hrají v travnatém poli.	Nějaké děti si hrají v poli.
Malý bílý pes přelézá kládu.	Malý pes překračuje kládu.
Mladý chlapec si hraje v jámě s červenými míčky.	Smějící se chlapec leží v jámě s modrými balónky.
Surfař na vlně.	Surfař sjíždí vlnu.
Psi si hrají ve sněhu na zadních nohách.	Dva psi si hrají ve sněhu.
Skateboardista, se dostal na vrchol rampy.	Skateboardista, jede na trubkové zdi ve skateparku.
Dva muži na běžecké soutěži.	Psi v závodě.
Chlapec sjíždí na skateboardu zábradlí na schodech pomalovaných graffiti.	Skateboardista sjíždí dolů po zábradlí na nohách.
Černobílý pes běží vodou.	Černohnědý pes běží polem.
Dvě děti jdou po cestě v lese.	Dvě děti jdoucí po cestě v lese.
Hnědobílý pes běží po trávě.	Béžovočerný pes běží přes trávu.
Žena běží po pláži.	 Pes běží přes pozemek.
Dva psi běží bok po boku po trávě.	Dva psi běžící po trávě.
Dva psi čůrají na červený požární hydrant.	Dva psi močí na červený požární hydrant.
Hráč ragby v tmavě zelené výbavě nese světle zbarvený ragbyový míč napřaženou rukou.	Hnědý pes šplouchá ve vodě, zatímco nese míč v jeho tlamě.
Zlatě zbarvený pes skáče kolem v trávě, zatímco drží klacek v tlamě.	Černý pes běží přes trávu nesoucí něco červeného v tlamě.
Dva lidé jdou nějakou vodou.	Dvě dívky jdou u stromu před cihlovou stavbou.
Dívka běží po pouštní cestě.	Mladá dívka mluví do mobilního telefonu.
Bílý pes si hraje s míčem na pláži.	Černobílý pes si hraje s béžovým psem.
Pes cákající ve vodě.	Pes cáká v kalné vodě.
Muž řídí modrou loď kolem pestrobarevných domů.	Muž řídící modrou loď proplouvající kolem pestrobarevných domů.
Skupina lidí jde po chodníku z velkoměsta.	Skupina lidí jede v zadní části kamionu.
Pes je ve vzduchu nad trávou.	Pes leží na posteli s modrým povlečením.
Žena v černých šatech s červenými doplňky jde na ulici.	Žena v černých šatech jdoucí na ulici.
Černý pes běží přes nějakou vodu.	Muž ve fotbalovém dresu běží s míčem v průběhu hry.
Dívka stojí v metru čekající na něco.	Dívka stojí v temném prostoru.
Dva psi, se k sobě přiblížili v trávě.	Dva psi, stojí proti sobě na trávě.
Muž sedí s malou holčičkou v parku.	 Muž si hraje s chlupatým malým psíkem.
Velký béžový pes běží se zeleným předmětem v tlamě.	Béžový pes nese zelenou pískací hračku v tlamě.
Skupina lidí v lodích závodících ke břehu.	Učebna studentů sledujících prezentaci.
Člověk, který skáče na skateboardu do vzduchu nad rampu.	Motorkář jede podél trati prvku umístěného na zalesněné oblasti.
Chlapec v noci sjíždí na skateboardu kovové zábradlí.	Hnědý pes běží na písku, držící klacek.
Člověk se protahuje otvorem ve skále.	Středně velký hnědý pes běží přes otevřené bílé zalesněné oblasti.
Pes běží směrem k fotoaparátu s míčem v tlamě.	Černobílý pes plave s hnědým objektem v tlamě.
Mladá dívka běžící na pláži.	Malá dívka běžící na břehu pláže.
Hráč baseballu hází míček.	Hráč basketbalu drží míč.
Muž se houpá na laně nad vodou.	Muž v plavkách v barvě kaštanů se houpe na laně na jezeře.
Žena ve velkých slunečních brýlích drží noviny v obou rukách.	Tlustá žena v slabém modrém topu fouká mýdlovou bublinu.
Jelen skáče plot.	Jelen skáče přes plot.
Mladá dívka oblečená v Minnie Mouse oblečení a starší žena jdou po chodníku.	Muž v bílém obleku a s novinami kráčí ulicemi.
Pár psů hrající si s fialovým míčem.	Dva psi si hrají s fialovým fotbalovým míčem.
Pták přistane ve vodě.	Loď plave ve vodě.
Tři děti stojí na plotu nebo v jeho blízkosti.	Tři děti stojí na plotu a u něj.
Černý pes se vynoří z vody s bílým míčem v tlamě.	Černý pes vylézá z vody s bílým míčem v tlamě.
Dívka ve fialovém tričku a v růžové čelence pózuje.	Mladá dívka v klobouku a modrých džínách je na houpačce.
Hnědý pes kope díru před rostlinou.	Skupina lidí jdoucí podél železniční trati.
Hnědobílý pes plave v bazénu.	Hnědobílý pes plave v bazénu na dvorku.
Dva šedí psi běží spolu přes zelený trávník.	Dva šedí psi běhají na zeleném trávníku.
Chlapec sjíždí kopec na červených sáňkách.	Mnohobarevný pes s červeným obojkem se krčí v trávě.
Dva psi si hrají v trávě.	Dva psi si hrají ve sněhu.
Černo hnědý pes běží lesem.	Pes běží lesem.
Dva psi běží na trávě.	Dva psi si hrají v trávě.
Dva psi běží na travnaté ploše.	Dva psi běží přes travnatou plochu.
Pár sedící na zahradní židli v blízkosti vody.	Chlapec v parku skáče z jednoho piknikového stolu na druhý.
Tři lidé sedí u piknikového stolu před budovou natřenou jako Union Jack.	Tři lidé sedí u venkovního stolu před budovou natřenou jako Union Jack.
Mladá dívka vztyčí znamení míru.	Holčička se na ulici drží tyče.
Muž visí na laně z útesu nad vodou.	Muž sedící sám na molu s lahví vody.
Muž se krčí a drží kameru.	Krčící se muž drží velkou kameru.
Muž na kole sjíždí úzkou cestu.	Muž na jednokolce sjíždí zpevněnou cestu.
Muž v oranžovém kabátu mluví na druhého muže, zatímco procházejí sněhem.	Muž a žena ve staromódním oblečení sedí venku u stolu.
Pes plave přes vodu.	Pes s pláštěnkou běží sněhem.
Německý ovčák skáče skrz černou obruč, zatímco se lidé koukají.	Pes skáče skrz obruč.
Pes skáče do vzduchu, aby chytil hračku.	Černý pes, skočí do vzduchu, aby chytil hračku.
Mladá smějící se dívka a chlapec hrají na velký buben.	Mladá dívka a malý chlapec stojí u kytary a bubnu.
Hnědý pes leží na modré přikrývce.	Člověk se potápí v průzračně modré vodě.
Dva chlapci hrající si na hřišti.	Dva lidé mají hlavy pokryté šátky.
Hnědý pes běží na sněhu se sněhovou koulí v tlamě.	Čtyři psi si hrají na sněhu s panoramou města za nimi.
Skupina lidí stojí na ulici.	Žena oslovující rozmanitou skupinu lidí stojící na ulici.
Pes běží na hnědé trávě.	Mokrý pes s tenisákem běží přes žlutou trávu.
Dva psi běží přes trávu.	Tři psi běží ve sněhu.
Muž a dva mladí kluci skáčou na trampolíně.	Muž a dva kluci skáčou na trampolíně.
Muž sedící na veřejnosti jí jablko.	Muž na veřejném prostranství jí jablko.
Chlapec se zlomenou rukou odpočívá v posteli.	Chlapec se zlomenou rukou spí.
Chlapec dělá triky na skateboardu.	Chlapec dělá trik na skateboardu.
Dvě mladé dívky v trávě se navzájem objímají.	Dvě mladé dívky na travnatém terénu se navzájem drží.
Dva bílí psi prochází skrz hluboký bílý sníh.	Dva bílí psi prochází skrz obrovský násep horského sněhu.
Čtyři dívky v plavkách hrají volejbal na pláži.	Čtyři ženy v bikinách hrají volejbal na pláži.
Pták letí přes vodu.	Pták letí nad vodou.
Pes běží přes rybník.	Bledý pes běží po prašné cestě.
Tři psi hrající si ve sněhu.	Tři psi si hrají ve vodě.
Holčička s mašlí ve vlasech si vybírá nos.	Holčička s helmou ve fialovém tričku jede na koloběžce.
Muž a žena sledují dva psy.	Muž v kaštanovém koupacím obleku se houpe na laně na jezeře.
Muž sedící v doku kouká na vodu.	Muž skáče ze skály do vody.
Mladá dívka se klouže na klouzačce.	Mladá dívka se houpe na houpačce z pneumatiky.
Mnoho lidí je v cyklistickém závodu, včetně muže na tříkolce.	Muž jede na tříkolovém vozíku.
Skupina lidí nosí králičí uši.	Skupina lidí jede závod.
Pes v tričku se supermanem spí na dece.	Hnědý pes v tričku se supermanem leží na modré dece.
Hnědobílý pes běží sněhem.	Hnědobílý pes běží po trávě.
Bílo hnědý pes běží přes trávu.	Hnědobílý pes běží přes trávu.
Muž a žena stojí před budovou.	Dvě dívky sedí na ATV na písku před mostem.
Hnědý pes dává odpočinout svým tlapám na klávesnici notebooku.	Pes i se svými tlapami sedí na notebooku.
Mladá dívka s brýlemi sedí a drží dvě Americké vlajky.	Dívka v brýlích se dívá přes dvě Americké vlajky poblíž zalesněné oblasti.
Malý bílo hnědý pes skáče přes vodorovnou tyč.	Hnědobílý pes skáče přes červenožlutou tyč.
Dva psi běží přes travnatou plochu.	Dva psi běží přes travnaté pole.
Děti si hrají s míčem v parku.	Dva psi si hrají na břehu.
Muž se houpe na laně nad vodou.	Muž v teplém oblečení se v noci houpe na prolézačkách.
Muž ve fraku jede na kole po zpevněné cestě.	Muž pomocí velké tyče odstraňuje písmena ze značky.
Dva Asiati a dvě Asiatky sedí v černých masážních křeslech.	Dva Asiati a jedna žena relaxují v masážních křeslech.
Černobílý pes běží v travnaté zahradě obklopené bílým plotem.	Černobílý pes skáče přes překážky.
Skupina turistů, odpočívá před horou.	Několik turistů s jejich vybavením odpočívá před horou.
Dívka si hraje v hromadě barevných míčků.	Holčička si hraje v díře plné barevných míčků.
Starší muž stojí venku před nákladním autem.	Žena oblečená v zeleném jezdí venku na kolečkových bruslích na nějaké akci.
Usmívající se muž s reflexními brýlemi.	Gentleman se usmívá a ukazuje jeho reflexní sluneční brýle.
Pět lidí stojí na chodníku.	Pět lidí na chodníku.
Dvě dívky v modrých a zelenomodrých šatech s velkými klobouky stojí vedle velkého kmene stromu.	Žena, malý chlapec a malé dítě stojí před sochou krávy.
Bílý pes běží přes sníh.	Bílý medvěd jde po sněhem pokryté zemi a vrhá stín do sněhu.
Mladý kluk, v hnědé bundě si hraje se sněhem.	Dva psi si hrají ve sněhu.
Tři delfíni skáčou v bazénu, před davem lidí.	Muž prezentuje před mnoha lidmi.
Muž zvedá velký kámen.	Žena zvedá velký kámen.
Bílo hnědý pes běží přes trávu.	Hnědobílý pes běží napříč trávou.
Pes běží přes pole.	Pes běhá přes pole.
Černobílý pes skáče do vody.	Bílý pes běží přes vodu.
Muž nese krabici s nářadím po chodníku.	Žena jede na modrém kole v parku.
Muž v tričku s nápisem "Gigolo" stojí u pultu a s někým mluví.	Muž v tričku s nápisem "Gigolo" stojí na recepci zády ke kameře.
Stan a kemp v prosluněném lese.	Bílý pes na pláži nese klacek v tlamě.
Dva velcí psi běží v nějaké trávě.	Dva žíhaní psi běží v trávě.
Pes plave s klackem v tlamě.	Pes běží s klackem v tlamě.
Žena spí v sedu, s hlavou opřenou o ruku.	Muž, který odpočívá s hlavou položenou na ruce.
Mladý chlapec skákající do jezera.	Chlapec skáče do jezera.
Muž aportuje se dvěma hnědými psi.	Žena si hraje s hnědým psem.
Žluto hnědo bílý pes získává míček na štěrkové cestě.	Velký pes jde v lese po štěrkové cestě.
Pes běží přes písek s klackem v tlamě.	Pes běží skrz potok s klackem v tlamě.
Muž stojí ve vodě poblíž vodopádu.	Muž se brodí ve vodě a sleduje padající vodu.
Černý pes honí dva ptáky na břehu oceánu.	Pes běží podél pláže vedle oceánu.
Muž a žena na lavičce.	Muž a žena sedí v parku na lavičce.
Žluto hnědý pes vyskočí chytit tenisový míček.	Červený pes skočí a chytí tenisový míček do tlamy.
Muž skáče do vody.	Muž je ve vzduchu.
Žena v černém triku stojí před banány u stánku s ovocem.	Žena oblečená v černém stojí před dodávkou.
Dítě skáče do bazénu.	Pes skákající do bazénu.
Malý chlapec skákající z židle na židli.	Mladý chlapec skákající z židle na židli v jeho domě.
Dívka v jezeře švihá s jejími dlouhými, mokrými vlasy.	Osoba jedoucí na špinavém kole.
Dva psi hrající si na pobřeží.	Dva psi hrající si ve sněhu.
Holčička chodí po promenádě s modrými kupolemi v pozadí.	Muž přejíždí překážku na kole s řekou v pozadí.
Hnědobílý pes zanechává ve sněhu stopy.	Černobílý pes skotačí ve sněhu.
Hnědý pes leží na modrém prostěradle.	Hnědý pes a dva černí psi v zarostlé travnaté ploše.
Dvě ženy sedící na lavičce, mají zakryté tváře, jedna žena drží nafukovacího tygra a druhá má kostým Sněhurky od Disneyho.	Dívka sedí na lavičce a drží nafukovacího tygra, sedí vedle jiné dívky v barevném oblečení.
Chlap a dvě dívky se usmívají do kamery.	Tři psi, jeden bílý a dva hnědí běží společně po travnatém poli.
Pes plavající s klackem v tlamě.	Pes plavající ve vodě s klackem v tlamě.
Černý pudl si hraje ve sněhu.	Černý pudl skotačí ve sněhu.
Dvě dívky držící leták strašidelného filmu.	Dvě dívky držící pytle stojí v poli.
Tři chlapci hrající hru běží po pláži.	Dva mladí chlapci a jeden mladý muž běží po pláži s vodou za nimi.
Dívka má na sobě oblečenou fialovou šerpu sladěnou se sukní.	Skupina dívek stojí oblečené v džínových sukních a tričkách se supermanem.
Dva psi bojující ve sněhu.	Dva psi stojící ve sněhu.
Muž a dva mladí chlapci skáčou na trampolíně.	Muž a dva chlapci se odrážejí na trampolíně.
Muž oblečený v šedé bundě stojící na straně ulice.	Chlapec oblečený v modré záchranné vestě se drží na straně zelené lodě.
Hnědočerný pes skáče, aby chytil červený míč.	Hnědočerný pes, skáče, pro červený míč.
Žlutohnědý pes běží přes listy.	Bílý pes běží přes oceán.
Bíločerný pes skáče do bazénu.	Žena v černé zástěře stojí před zrcadlem.
Černobílý pes nese klacek v tlamě.	Černobílý pes, má klacek v tlapách.
Jelen skáče přes plot.	Jelen skákající přes plot.
Malé děvče drží dřevěný klacek.	Malé děvče plavající v bazénu.
Černý pes skáče přes vodu.	Pes jde přes sníh.
Skupina lidí před červeným hasičským vozem.	Skupina lidí stojí okolo červeného hasičského vozu.
Chlapec skočí do modré bazénové vody.	Mladý chlapec skáče do bazénu po břiše.
Zlatosrstý pes ve sněhu chytá míček do tlamy.	Malá blondýnka sedí na zelené židli.
Tři děti se smějí a hrají si na podlaze.	Tři děti hrající si na podlaze.
Muž s rybářskými pruty sedí v blízkosti vodního toku.	 Muž sedí na kameni vedle skládacího sedátka a rybářského prutu.
Žena a pes stojící v trávě.	Muž drží znak, zatímco stojí v dešti.
Muž v modrém tričku běhá na stadionu.	Muž v modrém klobouku a tričku jede na bílém koni.
Žena v černo oranžové bundě hází klacek hnědočernému psu jako aport.	Muž v modré bundě stojí v davu.
Černý pes běžící vodou.	Černý pes běží nějakou vodou.
Děti skákající na trampolíně.	Muž sjíždí oranžovou skluzavku.
Velký hnědý pes se krčí v travnatém poli.	Hnědý pes běží v poli.
Muž cvičící box.	Muž cvičí box.
Pes běží trávou.	Pes běží sněhem.
Dívka s modrým kýblem cáká pod molem.	Dívka v lyžařské bundě jde poblíž budov.
Lyžař sviští sněhem.	Hnědý pes nesoucí létající talíř běží sněhem.
Dva lidi na golfovém kurzu hrají golf.	Dva lidi jsou na golfovém kurzu a hrají golf.
Chlapec a dívka si hrají na pláži.	Pes hrající si ve vlnách s míčem.
Pes běžící přes sníh se sněhovou koulí v tlamě.	Žlutohnědý pes běží trávou se žlutou hračkou v tlamě.
Dítě v červeném kabátu leží na červené podložce.	Batole je připravené vylézt na kus červeného vybavení.
Dva psi si hrají v trávě.	Dva psi hrající si v trávě.
Skupina lidí dávající pozor na vodu stojí v písku.	Skupina lidí stojí na pláži před nějakými loděmi.
Dítě v modrobílém dresu běží za fotbalovým míčem.	Mladý chlapec v modrém fotbalovém dresu běží za míčem.
Hráč softbalu odpalující na hřišti.	Hráč baseballu trefující míček.
Černý pes běží za bílým psem ve sněhu.	Černý pes pronásleduje hnědého psa sněhem.
Muž ujíždí na kitesurfu pryč od kamery.	Muž dělá skysurfing na vodě.
Malý kluk staví nějaké dřevěné bloky.	Malý kluk s modrým trikem kupí dřevěné bloky.
Černý pes běží v trávě.	Chlapec běžící skrz zelenou trávu.
Malý chlapec a malá dívka hrající si spolu venku.	Mladý chlapec a mladá dívka jdoucí naproti sobě.
Dva lidé sedí na konci doku.	Dva lidé sedící v doku.
Dva psi na dvorku.	Dva psi v potoce.
Muž pronásledoval psa snažícího se dostat skrz plot na hřiště.	Muž, pronásleduje svého černobílého psa na překážkové dráze.
Velký hnědobílý pes běží sněhem.	Bernardýn běžící zasněženým polem.
Malý bílý pes běžící přes trávník.	Běžící malý bílý pes.
Bílo hnědý pes rychle běží skrz trávu.	Velký bílý pes běží v trávě.
Krvavý muž a žena pózují pro obraz.	Muž a teple oblečená žena pózují pro obraz.
Muž a žena jdou s bílým psem na vodítku.	Muž, žena a pes jdou po zpevněné cestě.
Žlutý pes si hraje na travnaté ploše nedaleko kytek.	Dívka se houpe na houpačce.
Chlapec si hraje s nudlí u bazénu.	Chlapec si hraje s pěnovou nudlovou hračkou u bazénu.
Dva velcí hnědí psi běžící sněhem.	Hnědý pes běžící trávou.
Mladý chlapec skáče do bazénu s roztaženýma rukama.	Pes skáče do bazénu na dvorku.
Dívka drží žlutý balónek ve tvaru zvířete.	Dítě drží žlutý balónek.
Dva psi se dělí o hračku v poli vegetace.	Dva snowboardisté jsou ve vzduchu nad sněhem.
Černý pes běží v trávě.	Černý pes běží skrz trávu.
Blondýna v bílém pózuje pro kameru.	Černobílý pes běží s otevřenou tlamou.
Pes běží skrz pole a pronásleduje míč.	Dítě běží skrz trávu.
Dvě dívky sedí před sochou.	Dvě blondýny sedí vedle sochy.
Mladý chlapec v červeném zimním kabátu drží a jí tyčinku.	Mladý chlapec v červeném kabátu jí čokoládovou tyčinku.
Dívka v oranžovém zapaluje svíčku.	Dívka v oranžovém tričku zapaluje svíčku.
Bílý pes běží skrz pole žlutých kytek.	Pes s červeným obojkem běží uprostřed zimy v lese.
Nemluvně sedící na lůžku se se natahuje, aby se dotklo obličeje staršího chlapce.	Obličeje nemocně vypadajícího chlapce, se dotklo batole.
Pes setřásající vodu.	Pes setřásá vodu.
Mladý chlapec běžící po chodníku.	Černý pes běžící podél oceánu.
Mladé dítě, se klouže po oranžové skluzavce.	Malý chlapec v džínové kombinéze se klouže po oranžové skluzavce.
Černobílý pes běžící mezi nějakými červenobílými stožáry.	Černobílý pes stojící na zadních nohách v obýváku.
Tři jednotlivci na lyžích pózují za cedulí s nápisem zákaz lyžování.	Tři lidé na lyžích stojí za cedulí s nápisem zákaz lyžování.
Muž v bílém obleku jde ulicí držící noviny.	Muž v bílém obleku jde venku držící noviny.
Černobílý pes plavoucí v čisté vodě.	Malý černobílý pes plave ve vodě.
Dva závodní psi, běží v blátě.	Muž jde do vody.
Mladý chlapec skákající do bazénu, kde je zákaz skákání.	Chlapec skáče do bazénu, zatímco plavčík dává pozor.
Černý pes s modrým obojkem běží ve sněhu.	Černý pes v modrém obojku běží sněhem.
Černobílý pes běžící vodou.	Černobílý pes běžící trávou.
Pes běží naproti kameře.	Hnědobílý pes běžící na trávě.
Tři psi běžící v blátě.	Žlutý pes běží po blátivé cestě.
Chlapec houpající se na houpačce.	Dívka je na houpačce.
Skupinka mladíků plave v jezeře.	Mnoho dětí si hraje a plave ve vodě.
Modrý a bílý fotbalový tým hrající proti sobě.	Žena nahoře bez s namalovaným obličejem je pokrytá blátem.
Dva psi běžící ve sněhu.	Pes ležící ve sněhu.
Zlatý pes běží sněhem.	Smečka psího spřežení táhnoucí sáně městem.
Hnědý pes se chystá chytit zelený létající talíř.	Hnědý pes čeká, až zelený létající talíř klesne, aby ho mohl chytit.
Skateboardista na ulici ve městě.	Skateboardista ve vzduchu na velké, venkovní rampě.
Čtyři děti na stoličkách u večeře.	Čtyři děti sedí na vysokých barových stoličkách u žlutošedého baru.
Chlapec a bílý pes běžící v travnatém poli.	Chlapec a pes běžící na trávě.
Černobílý pes plave ve velkém zeleném jezeře.	Černý pes rychle běží v mělké vodě.
Dva velcí psi si hrají v travnatém poli.	Dva bílí psi společně běží.
Dva chlapci hrající hru s fotbalovými vlajkami.	Dva chlapci hrají hru s fotbalovými vlajkami.
Hnědočerný pes sprintuje přes sníh.	Černý pes rychle běží po zemi.
Muž s batohem se dívá doleva.	Dospělý muž s batohem jde a dívá se doleva.
Starší muž v modrém tričku drží umělecké plátno.	Černoch jde ve velkém městě vedle budovy.
Dva hubení chlapci hrající si s pískem ve vodě.	Dva psi oklepávají vodu.
Černobílý pes má doširoka otevřenou tlamu.	Černobílý pes, skáče do sněhu.
Malý pes běží přes překážkovou dráhu.	Malý pes skákající přes překážku.
Dívka skáče v skákacím hradě.	Dívka v kostýmu tancuje jako muž.
Hnědý pes běžící skrz les.	Hnědý pes běží skrz trávu.
Skupina lidí stojí u okna a něco sleduje.	Skupina lidí stojí a čeká, až něco uvidí.
Pes skáče přes překážku na soutěži hbitosti.	Pes skákající přes překážkovou dráhu.
Tři závodící lidi na bruslích.	Tři bruslaři za rohem.
Bílý a černý chlapec stojí a mají ruce okolo toho druhého.	Dva mladí chlapci, jeden bílý a jeden černý, stojí a objímají se.
Dvě soutěžící provádí jejich psi na psí show.	Dvě ženy provádí jejích psi na psí show.
Dva muži na straně člunu.	Muž s dlouhými vlasy a s bradkou leží v trávě.
Hnědobílý pes chytá tenisák stojící na zadních nohách.	Hnědobílý pes nese klacek v tlamě.
Hnědý pes v běhu na trávě.	Hnědý pes běží trávou.
Mokrý černý pes s červeným obojkem je v řece.	Černý pes s červeným obojkem brodící se vodou.
Člověk jede na kole po stezce vedle lesa.	Malé dítě v žlutém tričku drží ruce na bocích.
Žena v černých šatech se usmívá před stříbrným nákladním autem.	Dívka oblečená v černém topu se usmívá a za ní je stříbrné nákladní auto.
Dívka hrající si v louži s bosýma nohama.	Dítě si hraje se dvěma bílými a černými husami.
Dva lidé se procházejí u oceánu.	Dva muži v ovčí vlně a v kloboucích dívající se do kamery.
Dvě malé dívky v růžové tancují.	Dvě dámy běžící pro zdraví na cestě v blízkosti nábřeží.
Dvě děti cákající ve vodě.	Dva delfíni skákající do vody.
Pes je na pláži kousek od míče.	Chlap jde na basketbalové hřiště dočasně vyřazené z provozu.
Pes skáče přes hnědou trávu.	Dva psi skáčou přes trávu.
Žena hrající si se dvěma chlapci v parku.	Žena a tři děti si hrají v parku.
Pes se vynořuje z vody s klackem v tlamě.	Pes běží naproti kameře s klackem v tlamě.
Tři psi hrající si ve sněhu.	Chlapec si hraje v písku.
Žena v džínách hraje video hru před velkou obrazovkou.	Muž a žena pózují pro fotografa před postelí posypanou žlutými květinami.
Dva lidé jdoucí po pobřeží při západu slunce.	Dva lidé jdoucí po pláží při západu slunce, aby varovali skupinu lidí.
Muž v obleku tancuje s mladou dívkou před publikem.	Žena visí na modré látce, která drží na stromu.
Tři děti hrající si na podlaze s hračkami.	Tři děti sedící na podlaze hrající si s několika hračkami.
Pes nese vodítko v tlamě.	Načechraný pes nese černé vodítko v tlamě.
Muž v džínách si hraje s míčem, zatímco žena stojící poblíž se dívá pryč.	Muž váže červenou pásku okolo ruky jiného muže na ulici.
Černý pes běží sněhem.	Černohnědý pes běží sněhem.
Žena v růžových bikinách leží na lehátku přikrytém růžovým ručníkem.	Žena v bílém tričku a černé sukni na tenisovém kurtě.
Lyžař padá do sněhu.	Lyžař padá obličejem do sněhu.
Pes s červenou hračkou v tlamě.	Hnědý pes nese klacek v tlamě.
Dva hokejoví hráči zápasící na ledu.	Dva hokejoví hráči zápasí na ledu.
Tři lidé stojí ve venkovní, skleněné stavbě.	Dívka stojí vysoko na plošině překážkové dráhy.
Dva teriéři si hrají na dřevěné podlaze u nich doma.	Dvě štěňata si hrají s červenou gumovou hračkou na hřišti.
Skupina lidí na shromáždění mávající americkými vlajkami.	Dav lidí na venkovní události.
Dva psi běžící přes hřiště.	Dva psi si hrají na hřišti.
Muž v šedém obleku zamykající kolo.	Muž a žena stojící na ulici města.
Dva psi si hrají na dvorku.	Dva psi si hrají na trávě.
Chlapec na skateboardu sjíždí zábradlí u schodů pomalovaných graffiti.	Skateboardista skáče přes překážku před bílým domem.
Bílý pes běží skrz vodu na pláži.	Bílý pes běží skrz vodu na pobřeží.
Muž v černé kožené bundě spí v metru.	Muž v černé kožené bundě, usnul ve veřejném dopravním prostředku.
Pes skákající přes překážku.	Pes skáče přes překážku.
Dva muži nastavují nějaké elektrické zařízení.	Dva psi zápasí na zemi ve sněhu.
Černý pes jde po trávě s klackem v tlamě.	Chlapec drží síť s hadem kousek od země.
Muž a žena foukají bubliny.	Muž a žena v brýlích foukají bubliny.
Dívka běží se psem po suchém poli.	Šedý pes a žlutohnědý pes hrající si na travnatém poli.
Dva psi hrající si ve sněhu.	Dva černí psi ve sněhu.
Skateboardista provádí trik na potrubí.	Skateboardista se snaží udělat trik na domácky vyrobené rampě.
Pes skáče z doku do vody.	Černý pes skáče z doku do vody.
Skupina starších mužů jdoucí ulicí.	Pár jdoucí ulicí.
Pes stojící ve sněhu vedle modrého plotu.	Tří psi si hrají v mělčině vedle skalnatého pobřeží.
Černobílý pes běží přes pole.	Černobílý pes běží v trávě.
Chlapec v černém mává rukama, zatímco ostatní jsou za ním na poli.	Muž v černém tričku jezdí na kolečkových bruslích kolem lavičky ve městě.
Starší žena jede na kole po ulici ve městě.	Starší žena jdoucí do kopce přecházející ulici.
Mladý chlapec mlátí do žlutého míče.	Malý pes skáče přes žlutý paprsek.
Skupina mladých baletek je v tanečním studiu.	Skupina mladých dam v bikinách.
Mladý chlapec v bílém tričku si hraje na travnaté pláni.	Žena si nechává dělat vlasy v salónu.
Žena a muž jsou rozptýleni sluchátky.	Muž a žena odpočívající po cvičení.
Dvě dívky jdoucí v oceánu.	Dvě dívky jdoucí po ulici.
Chrt číslo dva běží po dráze.	Chrt s náhubkem běží po dráze.
Muž a pes se hrají přetahovanou s lanem.	Muž tančí na barevné zdi.
Mokré dítě se třese pod ručníkem u bazénu.	Mokré dítě se třese v ručníku před bazénem.
Bílý pes běží na pláži.	Bílý pes běží po pláži.
Šest psů běžících po písečné pláži.	Šest psů jdoucích vedle pláže.
Muž se drží držadla ve vodě.	Muž se drží držadel ve vzduchu.
Čtyři děti si hrají na trampolíně.	Čtyři děti skáčou na trampolíně.
Bílí pes jdoucí ve sněhu.	Černo žluto hnědý pes jdoucí sněhem.
Bílo hnědý pes běží přes trávu.	Tři psi běží na trávě.
Chlapec jede dolů nafukovací skluzavkou.	Chlapec v červeném se klouže dolů nafukovací dráhou.
Dva psi hrající si s míčem v louži.	Dva psi stojí v louži a jeden má žlutý tenisový míček.
Tři psi si hrají ve vodě.	Tři psi běží ve sněhu.
Dva psi hrající si ve sněhu.	Dvě děti hrající si se psem.
Dívka dělá most na pláži.	Dívka dělající most na pláži.
Loď vplouvá do divoké vody.	Muž na kajaku sjíždí divokou vodu.
Dva psi aportují ve sněhu.	Dva psi si spolu hrají v trávě.
Černo žluto hnědý pes stojící na poli kousek od stromů.	Bílý pes stojí u řeky a oklepává se do sucha.
Dva surfaři jedoucí na malé vlně.	Dva surfaři provádí triky ve vlnách.
Dva lidé jdoucí na pláži při západu slunce.	Dva lidé jdoucí po pobřeží při západu slunce.
Tři psi si hrají v bílém sněhu.	Dva psi si hrají v trávě.
Dvě štěňata hrající si kolem v trávě.	Dva psi zápasí v trávě.
Mladá dívka sedí Santovi na klíně.	Malá dívka sedí Santovi na klíně.
Černobílý pes běží s otevřenou tlamou.	Černobílý pes plave v modré vodě.
Černý pes běžící do vody.	Černý pes běžící vodou.
Mladý chlapec skákající do vzduchu na pláži.	Chlapec skákající do vzduchu na pláži.
Pět mužů ve smokingu jde dolů po schodech.	Pět mužů ve smokingu jde dolů po schodišti.
Muž v červených kraťasech a bílém tričku vykopávající fotbalový míč.	Černý pes na surfu držící červený gumový míč.
Muž a pes na skalnatém mořském pobřeží.	Muž a pes stojící na kamenech vedle vody.
Hnědý pes cachtající se ve vodě.	Čtyři psi cachtající se ve vodě.
Smějící se žena je na pláži pohřbená v mořských řasách.	Dívka v kovbojském klobouku s ovcí na vodítku.
Pes s velkýma ušima drží malý klacek v tlamě.	Štěně s velkýma ušima žvýkající klacek.
Velký hnědý pes skáče skrz vysokou trávu.	Dívka oblečená v modrém tričku běží skrz vědecké centrum.
Dva psi bojující ve sněhu.	Dva psi hrající si ve sněhu.
Hnědý pes je uprostřed řady psů pronásledujících špinavý tenisový míč přes bláto.	Jsou tam dva bílí a jeden hnědý pes pronásledující míč.
Chrt je aktivní na travnatém hřišti.	Skupina kol závodících na dráze.
Dva lidé na motorce a sajdkáře závodí v bahně.	Pes nesoucí dlouhý klacek v tlamě.
Muž v červených plavkách hrající volejbal.	Muž a žena sedící na motorce.
Muž a žena jdoucí kolem obchodu s hudbou.	Muž a žena líbající se před davem lidí.
Muž sedí na vrcholku skalnaté hory.	Člověk vystrkuje hlavu ze stanu na vrcholu hory.
Dva lidé v kombinézách ležící ve sněhu dělající andělíčky.	Dvě dětí ležící ve sněhu dělající andělíčky.
Malá blondýnka stojí před fontánou.	Mladá dívka stojící před fontánou.
Muž stojící na lodi přitahující druhou loď bambusovou holí.	Muž v černém klobouku stojící před cihlovou zdí a značkou.
Muž hraje na bílou kytaru.	Muž hrající na bílou kytaru a zpívající k tomu.
Člověk na lyžích se nechává táhnout psy na horách.	Hnědý pes si hraje s míčem ve vodě.
Dva mladí lidé bez trička, hrající si ve vodě.	Mnoho lidí si hraje ve vodě na pláži.
Detail kolibříka.	Detail letícího kolibříka.
Dva psi si hrají v trávě.	Dva žlutohnědí psi si hrají ve sněhu.
Žena v černých šatech jdoucí po ulici.	Žena sleduje psa, jak skáče ze schodů.
Tři děti zápasí na květinovém koberci.	Tři děti hrající si na podlaze.
Chlapec v červeném skákající do pískoviště.	Pes plavající v rybníku.
Muž a žena dívající se do kamery.	Smějící se muž a žena.
Pes skáče do vody.	Pes skáče do vody.
Hnědý pes běžící špinavou blátivou trávou.	Velký hnědý pes běží venku ve špíně.
Tři psi táhnoucí muže na kole sněhem.	Psi táhnou muže na kole skrz sníh.
Chlapec houpající se na houpačce.	Mladý chlapec houpající se na houpačce.
Černý pes běžící sněhem.	Černý pes běžící vodou.
Miminko v červené čepici sedící v kočárku, drží panenku.	Muž v šedém tričku sedící v poli květin.
Tři děti si venku hrají se senem, házející ho na čočku od foťáku.	Tři mladé děti si hrají se senem, házející ho na fotoaparát.
Černý pes jdoucí vedle bazénu.	Černý pes jde po straně bazénu.
Lezec stojí na skále s obličejem vedle růžového lana.	Děti běžící ve sněhu s ohradami v pozadí.
Usmívající se muž je oblečený v černém tričku a klobouku.	Muž zvedá malou dívku nad hlavu.
Černý pes s nasazeným oranžovým obojkem je zapletený v rybářském vlasci.	Černý pes s nasazeným červeným obojkem ze sebe oklepává vodu.
Mokrý, zlatosrstý pes nese klacek na pobřeží.	Mokrý, hnědý pes má klacek v tlamě a běží v písku kousek od vody.
Muž a žena jedou po ulici na kolech.	Muž a žena jedou přes křižovatku ve městě na kolech.
Muž a pes na kamenech na pláži.	Muž a pes na kamenném mořském břehu.
Dva psi si kolem hrají v blátě.	Tanečnice v červenobílých šatech pózující pro kameru.
Velká skupina lidí stojících venku před budovou.	Skupina lidí bruslí ve velkém městě.
Zlatosrstý pes běží na trávě.	Velký béžový pes běží trávou.
Pes běží trávou.	Pes běží přes trávu.
Muž v červených kraťasech nesoucí hůl jde podél kamenů u řeky.	Muž jde po kamenech kolem, kterých protéká voda.
Muž veslující na lodi.	Muž dělající triky na skateboardu.
Tři psi běžící na závodní dráze.	Tří psi krouží po závodní dráze.
Černohnědý pes jde sněhem nedaleko budovy.	Starší muž stojí venku před starou zabedněnou budovou.
Pes skáče do plaveckého bazénu za kachnou.	Pes skákající do plaveckého bazénu.
Pes běžící lesem v zimě.	Pes běžící skrz hodně větviček.
Dívka si hraje s obrázky na velké obrazovce.	Tři dívky držící deštníky jsou natočeny zády k fotoaparátu.
Mnoho lidí závodí v ulicích.	Štěně běžící po ulici.
Dva psi ve sněhu.	Dva psi si hrají v trávě.
Muž v pánských plavkách stojí naproti nějaké skále.	Muž v šedém tričku leze po velké skalní stěně.
Dva bílí psi jdoucí ve sněhu.	Žluto hnědý pes s černým obojkem štěkající ve sněhu.
Žena oblečená v růžovém tričku skáče do vzduchu s roztaženýma rukama a nohama.	Muž v kšandách a slunečních brýlích vyskakuje do vzduchu s roztaženýma rukama a nohama.
Pes běží trávou.	Dva psi běží křovím.
Tři psi hrající si ve sněhu.	Tři psi běží ve sněhu.
Pes běžící přes písek.	Pes běžící vodou.
Chlapec v oranžovém tričku hází míč.	Černobílý pes s náhubkem vyskakuje nad trávu.
Žena se pokouší jet na malé vlně.	Muž a žena sedící venku na sluníčku zády k sobě.
Černobílý pes plave v řece.	Černoch a jeho pes na pláži.
Muž stojící na vrcholu rozeklané skály poblíž oceánu.	Muž stojí na vrcholu skály s výhledem na oceán.
Dívka v černomodrém neoprenu surfuje.	Žena oblečená v černomodrém pruhovaném obleku surfuje na vlně.
Žena vede psa skrz překážkovou dráhu.	Žena vedoucí jejího malého psa skrz překážkovou dráhu.
Několik lidí v noci sedí okolo ohně.	Skupina lidí v noci sedí kolem planoucího ohně.
Dva psi běží v poli.	Dva psi běžící v poli.
Dva lidé jsou v posteli.	Dva boxeři jsou v ringu.
Dva psi na pláži.	Pes jde na pláži.
Mladý chlapec stojí na šedivé keramické dlažbě.	Mladý chlapec procvičující karate v tělocvičně.
Dva psi bojující ve sněhu.	Dva psi si hrají ve sněhu.
Skupina lidí je ve vodě.	Skupina lidí jede závod.
Pes běží s jídlem v tlamě.	Pes běží se žlutým míčem v tlamě.
Dva psi sbíhají po pláži.	Dva psi běžící na pláži.
Černobílý pes plavající v bazénu.	Černobílý pes běžící s něčím v tlamě.
Dva psi čuchají k něčemu v kamení.	Dva psi běžící po cestě v lese.
Pes, má hlavu uvnitř červenozelené dárkové tašky.	Mazlíček hravě prozkoumává obsah dárkové tašky.
Muž ve žlutém tričku na obličeji se zlatou sluneční maskou.	Muž ve žlutém tričku má na sobě zlatou masku ve tvaru slunce.
Muž na laně leze po strmé skále.	Mladý muž skáče na fialovém snowboardu.
Dítě s rukama na jeho hlavě.	Malý chlapec stojí s rukama na vršku jeho hlavy.
Muž oblečený v oranžové vestě jede na kánoi v modré vodě.	Muž v oranžové bundě v písku zvedající ruce k nebi.
Černý pes leží v písku.	Děti si hrají ve vodě.
Světlehnědý pes šťastně běží po cestě.	Bledý pes sbíhá po cestě.
Starý muž v černém trikotu stojící na tržišti.	Dítě na sobě s červeným tričkem jdoucí po náměstí.
Muž oblečený v černém oblečení, klobouku a brýlích před červenou zdí.	Žena v bílém tričku stojící před cihlovou zdí.
Muž učí chlapce jezdit na kole.	Ten muž učí chlapce jezdit na kole.
Zrzavá žena v černém pózuje pro muže, který odpočívá na stromě.	Muž v černém tričku drží dítě, které má sluneční brýle.
Muž lezoucí po útesu.	Muž leze po strmém útesu.
Dva psi aportují ve sněhu.	Dva psi si hrají ve sněhu.
Dvě dívky jsou v kalhotách od pyžama a vypadá to, že tancují.	Dvě dívky v kšiltovkách jí venku svačinu.
Bílo hnědý pes hrající si s černou hračkou.	Bílo hnědý pes se přetahuje na laně.
Dva černí psi skáčou ve sněhu a hrají si se žlutým tenisákem.	Hnědý a černý pes hrající si se žlutým fotbalovým míčem.
Dva psi si společně hrají na pláži.	Dva černí psi si hrají v trávě.
Chlapec hraje baseball.	Muž hraje baseball.
Černobílý pes skáče přes překážku.	Bílý pes běžící přes most.
Chlapec, který má na sobě červené tričko, běží přes trávu se zuřivým psem.	Sportovní fanoušek s pomalovaným obličejem stojí v písku.
Černý pes aportuje ve sněhu.	Skateboardista skákající na ulici.
Usmívající se muž a holčička pózující pro fotku.	Usmívající se muž drží malé dítě oblečené v růžové a červené.
Dva žluto hnědo bílí psi a jeden žlutohnědý pes závodí po pláži kousek od vody.	Dáma v růžové bundě se Zvonilkou stojí vedle zábradlí a sleduje vodu.
Pes ve sněhu skákající pro létající talíř.	Pes skáče ve sněhu.
Muž jede na kole po blátivé cestě.	Dva psi, běžící po blátivé cestě.
Hnědobílý pes s růžovým obojkem ve sněhu štěká na hnědého psa s modrým obojkem.	Pes s červeným obojkem cení zuby na psa s modrým obojkem.
Hnědobílý pes běží vodou.	Dva psi, běžící vodou.
Mladý sedící muž v klobouku si čte v kavárně.	Žena, kterou těší čtení v kavárně.
Černobílý pes běží trávou.	Černobílý pes běží na trávě.
Dva hnědí psi se navzájem koušou.	Dva hnědí psi v písku kousající se navzájem.
Skateboardista se pokouší udělat trik na kraji nízké zdi.	Chlapec na zábradlí dělá triky se skateboardem.
Mladá dívka dělající salto pozadu do vody.	Mladá dívka ve fialovém běžící vodou.
Snowboardista jede dolů po zábradlí vedle schodiště.	Chlapec jede na hraně skateboardu po betonové zdi.
Černý pes vyskakuje z vody.	Černý pes ze sebe oklepává vodu.
Žena a dva muži v čepicích seznamující se venku.	Mladá žena v pletené čepici stojí naproti zdi od obchodu s pizzou.
Malý chlapec v županu sedí na kovové židli.	Chlapec v županu sedí na židli.
Černý pes běží sněhem.	Černý pitbul běží blátem.
Skupina teenagerů tancuje na dřevěné podlaze.	Skupina lidí v tmavém oblečení tancuje v řadě na dřevěné podlaze.
Žena stojí s pažemi podél boků, zatímco jiná žena fotí.	Muž stojící v davu držící bílý objekt.
Mladý chlapec jede na kole.	Mladá dívka ležící na modré nafukovací hračce.
Černý pes běžící ve sněhu.	Černý pes běžící na pláži.
Tři psi ve sněhu u ohrady.	Dva psi pijí vodu v jezeře.
Dívka se dvěma černými psi běží podél břehu řeky.	Malý chlapec se mazlí s tygrem, který leží na zemi.
Muž lezoucí po skalní stěně.	Muž leze po skalní stěně.
Mladistvá dívka běžící po pláži křičí, za ní jde starší muž.	Mladé dítě běžící podél pobřeží na pláži.
Žena hrající tenis a trefující míček.	Žena hraje volejbal.
Mladý chlapec se stojícími vlasy se klouže po modré skluzavce.	Dítě v oranžovém tričku se klouže po modrozelené skluzavce.
Mnoho lidí je na pláži nedaleko budovy s vlající vlajkou.	Lidé roztroušení na rušné pláži sledující oblohu.
Pes stojící ve vodě.	Dívka hrající si na padáku.
Hnědobílý pes jde vedle muže na skateboardu.	Blonďaté dítě leží na větvi stromu na zelené louce.
Muž jedoucí na vlně na surfu.	Muž v černém jedoucí na vlně na surfu.
Surfař sjíždí lámající se vlnu.	Skupina surfařů chytající vlnu.
Muž v červeném tričku leze po boku hory.	Muž leze po boku hory.
Černobílý pes běžící vodou.	Žluto hnědo bílý pes běží vodou.
Muž oblečený v černé uniformě jedoucí na motorce.	Bílá motorka je řízena kolem závodní dráhy.
Tři klauni v zářivých, mnohobarevných kostýmech.	Tři ženy v zářivých barevných šatech.
Černý pes plavoucí přes řeku.	Černý pes prokopávající se sněhem.
Dva béžoví psi si hrají v trávě.	Dva žlutohnědí psi si hrají v trávě.
Dva psi běží trávou kousek od domu a stromů.	Dva psi běží přes zelený dvorek.
Muž a žena se usmívají.	Smějící se muž a žena.
Muž stojí na vrcholu skály nebo hory a sleduje západ slunce.	Muž stojící na horách sledující západ slunce.
Dvě malé dívky si hrají na trampolíně.	Dva malí chlapci si hrají na hřišti.
Dvě dívky skáčou vysoko do vzduchu.	Dva psi čichají jeden k druhému v trávě nedaleko jezera.
Žena držící černou peněženku kouří cigaretu.	Žena s černou taškou kouří cigaretu.
Pes běží po trávě.	Hnědý pes běží v trávě.
Muž s dlouhými vlasy se dívá skrz fotoaparát.	Žena stojí naproti zdi, poblíž které je video kamera.
Pes a červený míč ve vzduchu.	Pes kope díru na dvorku.
Hnědobílý pes běží přes hnědé hřiště.	Člověk visící ze skalnatého útesu.
Hnědý pes běžící na trávě.	Pes běží na trávě.
Pes kluše trávou.	Pes cválá trávou.
Dva lidé v kloboucích sedí a dívají se do foťáku.	Muž v modrém tričku dělá nabručenou tvář.
Černý pes stojící v trávě kousek od volejbalového míče.	Hnědočerný pes s modrým obojkem na travnatém hřišti kousek od fotbalového míče.
Dvě hrající si dívky s lidmi a květinami za nimi.	Dvě mladé dívky v sukních si hrají na zahradě.
Dívka v růžovém tričku roztahuje svoje končetiny ve vzduchu.	Muž oblečený v kostýmu Santy šplhá po velké betonové budově.
Malá dívka v červeném tričku táhne papírového draka.	Dívka v červeném tričku fotí fotku mobilem.
Dítě klouzající se ve sněhu.	Muž spící na ulici.
Tři psi si hrají ve vodě.	Tři psi plavou ve vodě.
Bílý pes běžící na písku.	Bílý pes běží na písku.
Dívka s rukama ve vzduchu sedí na zádech muže, který leží na dece.	Dítě běží opačným směrem od ostatních dětí, které hrály hru.
Červenobílé závodní auto na blátivé závodní dráze.	Člověk jede na špinavém kole v závodě po blátivé dráze.
Černobílý pes běží skrz pole krav.	Velký černobílý pes běží ve vodě oceánu.
Bílý pes se světlehnědými značkami má klacek v tlamě a tlapy ve sněhu.	Bílý pes drží klacek v tlamě, zatímco běží sněhem.
Muž ve slamáku zastiňuje svůj mobil, zatímco ostatní jdou po rušném chodníku.	Muž leží na ulici s jeho hlavou a rameny pod zaparkovaným autem, které zvedá.
Muž s poštovní brašnou před šedou dlaždicovou stěnou.	Muž v červené bundě stojící před majákem.
Pes plave ve vodě.	Tři psi plavou ve vodě.
Skupina malých děvčat a pes stojící na cestě.	Skupina lidí v modrém raftu jedoucí na divoké vodě.
Malý bílý pes s kudrnatými chlupy běží přes chodník s klackem v tlamě.	Bílý pes s kudrnatými chlupy běží s klackem v tlamě.
Muž v neoprenu hází dítě v neoprenu do vzduchu.	Tancující muž v bílé potisknuté košili a tancující žena v černých šatech.
Muž v šedém obleku klečí před ženou v bílých šatech.	Ženu v červeném s pivem následuje muž v bílém.
Blondýna má nasazenu černou kšiltovku s americkou vlajkou.	Zrzka má nasazený černý baret ozdobený americkou vlajkou.
Člověk držící síť stojí ve vodě.	Černoška a dvě černé děti sedí v doškovém stanu.
Žena v červené teplákové soupravě vymačkávající citróny v lisu.	Mladá žena v růžové kapuce, fotí snímek.
Černobílý pes běží trávou.	Žlutohnědý pes jde sněhem.
Muž na ulici venčí dva psi na vodítku.	Muž ve městě venčí dva psi.
Hnědobílý pes s růžovým létajícím talířem v tlamě hopsá muži po zádech.	Pes s létajícím talířem v tlamě přeskakuje muže.
Pes běží ve sněhu.	Dva psi běžící v blátě.
Malý chlapec hrající si ve sněhu.	Hnědobílý pes si hraje ve sněhu.
Zapřažený pes skáče přes kládu a další pes ho následuje.	Hnědobílý pes skáče přes kládu v poli a další pes ho následuje.
Pes a kočka leží spolu.	Dva šedí psi nesou klacek ve vodě.
Žena v modrém tričku a žlutohnědých kraťasech sedí u stolu.	Usmívající se mladá žena v tyrkysovém tričku a šátku u stolu.
Rodina si na pláži hraje s jejich psem.	Malá nahatá holčička je házená do vzduchu.
Bílý pes běžící ve sněhu.	Psi běží ve sněhu.
Pes běží skrz dlouhou trávu.	Pes leží v dlouhé zelené trávě.
Černý pes běží sněhem.	Řidič závodního auta jede se svým autem skrz bláto.
Pes oblečený v zeleném svetru a s batohem jdoucí na sněhu.	Malý pes oblečený v zeleném svetru a s batohem jde sněhem.
Skupina lidí sedící okolo stolu.	Skupina dívek na pláži.
Tři psi běží v poli.	Dva psi běží v travnatém poli.
Muž a žena s rukama na bradách stojí vedle Vánočního stromku.	Muž s bílou bradkou v modré čepici stojí u vchodu do dílny.
Černobílý pes má klacek v tlapách.	Černý a bílý pes stojí na sněhu.
Bílý pes běžící sněhem.	Černobílý pes běží trávou.
Muž na zasněženém kopci na lyžích s horami v pozadí.	Pes si užívá dovádění ve vodě s horami a pískem v pozadí.
Skupina lidí kempuje venku na nějaké skále.	Skupina lidí stojí vedle hasičského vozu.
Muž na kole vedle řeky.	Muž na kole skáče velmi vysoko.
Pes běžící po trávě.	Dva psi běží po trávě.
Je tam černý pes skákající do plaveckého bazénu.	Černý pes skáče do plaveckého bazénu.
Lyžař jede dolů zasněženým kopcem.	Hnědý pes leží ve sněhu.
Dva psi běží na trávě.	Dva psi běžící v blátě.
Muž na pláži rozstřikuje tekutinu z dlouhé hadice.	Chlap sedí na kole s jedním kolem ve vzduchu.
Tři psi hrající si ve sněhu, zatímco jeden pes má na sobě bundu.	Tři psi hrající si ve sněhu, s městem v jejich pozadí.
Mnoho fotbalových hráčů sedících na zemi.	Pes se válí po zemi.
Skupina lidí v lodích závodících k pobřeží.	Skupina lidí stojí spolu a pózují před domem.
Malý chlapec a malá dívka hrající si spolu venku.	Žena v bílém tričku stojí na ulici.
Člověk v červené vestě se dotýká modrých bruslí na jiné osobě.	Dáma ve sněhu zavazuje něčí brusle.
Dívka vzhůru nohama se hlavou odráží na trampolíně.	Dívka se hlavou odráží na trampolíně.
Surfař dělá flip z vlny.	Surfař dělá flip na vlně.
Dýdžejka zvedá album Michaela Jacksona.	Dívka držící obrázek usmívajícího se Michaela Jacksona.
Usmívající se žena stojící před stromy.	Muž jde vedle stromů před panoramami města.
Chlapec skákající salto vzad do plaveckého bazénu.	Chlapec v červenomodrých plavkách skákající po hlavě do plaveckého bazénu.
Tři malí chlapci se pokrývají bublinami.	Tři děti stojící u bazénu jsou pokryté pěnovými bublinami.
Chlapec vzhlíží k dívce, zatímco jiná dívka je ignoruje.	Chlapec se potápí v bazénu, zatímco ho pozoruje pár.
Dva velcí pudlové si hrají ve sněhu s hračkou.	 Dva psi bojující ve sněhu.
Dav lidí stojí na venkovské cestě, s polem za nimi a lesem před nimi.	Skupina lidí stojící vedle auta s otevřeným kufrem.
Chlapec leží na břiše v trávě.	Malý chlapec ležící na břiše na trávě.
Černý pes s modrým obojkem běží ve sněhu.	Černý pes s červeným obojkem si hraje ve sněhu.
Japonský šermíř skáče do vzduchu.	Žena učí svého psa skákat do vzduchu.
Pták sedí na stromě.	Pták sedí na bezlistém stromě.
Hnědý pes žvýká oranžový míček.	Pes má oranžový míček v tlamě.
Bílý pes běží podél skalnatého pobřeží.	Pes skáče přes překážku.
Hnědý pes skákající do vzduchu, aby chytil míč.	Tři mladé ženy skákající do vzduchu, aby chytily míč.
Dítě jde od jednoho piknikového stolu, k druhému.	Chlapec v parku hopsá z jednoho piknikového stolu na druhý.
Muž s boxerkami s vlajkou US stojí na schodišti.	Žena v bílém tričku stojí na ulici.
Skupina sedmi lidí jede na zeleném raftu v peřejích.	Skupina lidí v noci stojí a sedí v kolečku na zemi.
Pes ve sněhu.	Dva psi ve sněhu.
Muž s dlouhými vlasy se dívá skrz fotoaparát.	Muž se slunečními brýlemi dívající se přímo před sebe.
Dalmatin běžící podél pláže.	Dalmatin běží podél pláže.
Černobílý pes skákající do vzduchu, aby chytil létající talíř.	Černobílý pes skákající na dvorku.
Žena drží postroj, který má na sobě oblečený hnědobílý pes.	Muž a žena, se dívají na umělecké dílo, které je na podstavci připnuté k ohradní zdi.
Pes běžící sněhem.	Pes běží ve sněhu.
Čtyři černí psi běží přes trávu.	Pes běží přes travnaté pole.
Muž v červenočerném, trefuje fotbalový míč hlavou.	Muž v červeném pruhovaném fotbalovém dresu odehrává míč hlavou.
Hnědý pes jde po trávě.	Pes honící jiného u stromu.
Dívka skáče.	Chlapec leze po skále.
Žena na pláži stavící dítě na skateboard.	Žena na pláži drží malé dítě na skateboardu.
Černý pes hravě kouše světlehnědého psa do ucha.	Černý pes hravě kouše jiného psa v prostředí obývacího pokoje.
Bígl jde po pláži na okraji vody.	Bígl se prochází podél klidného pobřeží.
Mladý nadhazovač hází basebalový míček.	Hnědý pes jde po trávě vedle plotu.
Černobílý pes běží v trávě.	Černobílý pes běží přes trávu.
Dva psi běží sněhem, jeden s tenisovým míčkem.	Kluk ve vzduchu dělá triky na jeho kole.
Černý pes jde po trávě s klackem v jeho tlamě.	Černý pes běží po trávě s hračkou v jeho tlamě.
Tří děti hrající si ve sněhu.	Tři děti hrající si v seně.
Muž jde směrem k policistovi stojícímu na přechodu pro chodce na ulici ve městě.	Policista ve městě stojí na přechodu pro chodce.
Dva lidé jedou na kolech dolů po polní cestě.	Dva lidé jedoucí na kolech na kopci.
Černohnědý pes si hraje na dvorku.	Černo bronzový pes honí něco, co spatřil.
Černý a bílý pes hrající si na ulici.	Černý a bílý pes hrající si spolu na ulici.
Velký černobílý pes plave ve vodě.	Černobílý pes s klackem je v blátivé vodě.
Malý chlapec blbne s cedníkem na hlavě.	Chlapec s kovovým cedníkem na hlavě.
Hnědý pes běží přes pole.	Hnědý pes s třepajícím se jazykem, jak běží přes pole.
Chlapec skáče do vody s míčem v ruce.	Malý chlapec plavoucí pod vodou s hračkou v ruce.
Člověk v potápěčském obleku plave pod vodou.	Člověk se potápí ve velmi čisté modré vodě.
Tento pes skáče přes vodu.	Dva psi, běžící vodou po pláži.
Dva dělníci sedí na nosníku a dávají si pauzu.	Muž si obléká triko u výtahu.
Smějící se muž a žena.	Muž a žena se líbají.
Černo hnědo bílý pes běžící skrz pole.	Bílo hnědý pes běží v poli.
Děti si hrají v bazénu, zatímco dva dospělí muži na ně dávají pozor.	Děti si hrají v bazénu, zatímco dospělí přihlíží.
Pes stojí v písku.	Bronzový pes stojí před nějakou rostlinou.
Čtyři dívky v plavkách hrají volejbal na pláži.	Čtyři ženy v plavkách hrají plážový volejbal na pláži.
Dvě děti stříkající ve vodě.	Dva psi si spolu hrají na posteli.
Blonďaté batole houpající se na houpačce z pneumatiky.	Blonďaté batole se houpá na houpačce z pneumatiky.
Hnědobílý pes se prochází v mělkých vodách.	Bílo hnědý pes vypadá, že jde po vodě.
Žena čte, zatímco je ve veřejné dopravě.	Muž, který usnul ve veřejné dopravě.
Buldok běží přes travnatý park, zatímco lidé stojí v pozadí.	Pes s velkým tělem běží vodou a cáká kolem.
Mladý chlapec jedoucí na kole na cihlové silnici.	Člověk dělá triky na kole na rampě obklopené stromy.
Mladý muž jezdí na skateboardu ve skateparku.	Chlapec v modrém tričku je ve vzduchu na skateboardu ve skateparku.
Dívka skákající přes švihadlo na chodníku poblíž garáže.	Dívka skákající přes švihadlo na chodníku s garáží na levé straně.
Osoba, která je ve vodě na pláži, zatímco slunce zapadá.	Osoba nad příbojem ve vodě.
Pes skáče do vzduchu chytit frisbee.	Hnědý pes skáče pro růžové frisbee.
Dítě oblečené v modrobílých šortkách, skáče v příboji.	Dívka se zelenými copánky s něčím v ruce.
Pes vrací hračku svému pánovi.	Tři psi spolu závodí ve sněhu.
Dvě ženy skáčou z houpačky.	Dvě dívky skáčou z houpačky.
Žena s mladou dívkou pózují se sochou medvěda v přední části prodejny.	Muž v dresu stojí před velkým davem.
Dva psi běžící na břehu.	Bílý pes běžící na pláži.
Muž bez trička hrající fotbal na trávníku.	Muž bez trička chytá fotbalový míč.
Dívka se zelenými copánky s něčím v ruce.	Mladý chlapec pouze v zelených kraťasech složitě pózuje s cihlovým pozadím.
Mladá dívka s úsměvem s hlavou vzhůru nohama.	Dívka pózuje s hlavou vzhůru nohama.
Dvě ženy držící pestré vlajky u oranžového vozu.	Dvě dámy ve skrovném oděvu pózují vedle staromódního auta.
Muž v červené bundě drží své kolo pro fotku.	Žena v červené bundě nahrává na video přírodu.
Chlapec skáče do ne tak přeplněného veřejného bazénu.	Muž skáče, zatímco je na snowboardu.
Klauni zaujmuli švihácký postoj pro kameru.	Dítě v oranžovém je na plováku ve vlnách.
Čtyři děti, držící se za ruce skáčou do bazénu.	Čtyři psi hrající si ve sněhu.
Žluté auto zrychluje po zasněženém poli.	Žlutý vůz jede rychle ve sněhu.
Chlapec tlačí vůz se dvěma dýněmi.	Dítě si dřepne za vůz se dvěma dýněmi v něm.
Dva fotbalisté bojují o míč během intenzivního utkání.	Dva malí oranžovobílí psi jsou ve sněhu.
Černý pes jde vysokou trávou.	Černý pes běží v trávě.
Dva psi hrající si ve sněhu.	Dva psi hrající si v trávě.
Jeden chlapec tlačí dalšího chlapce na houpačce.	Chlapec tlačí jiného chlapce na houpačkách.
Nadhazovač na kopečku hází basebalový míček.	Chlapec ve středu hrací plochy při baseballu.
Dva černí psi hrající si ve sněhu.	Černý pes, hrabe ve sněhu.
Pes skáče přes řetěz.	Pes skákající přes řetěz.
Dívka s černou kabelkou sedící na dřevěné lavičce.	Mladá žena s černou kabelkou sedí na dřevěné lavičce.
Černožlutý pes.	Černý a hnědobílý pes si hrají v poli.
Tři děti v jámě s míčky.	Několik dětí hrajících si v jámě s míčky.
Velký bílošedý pes běží skrz žlutý tunel na překážkové dráze.	Bíločerný pes vybíhá ze žlutooranžové trubky.
Plavec plave znak v bazénu.	Člověk plavoucí znak v bazénu.
Muž stojí obkročmo na kole na skalnaté stezce u jezera.	Žena má na sobě bílou čelenku, fialové tílko a černé rukavice.
Hnědý pes běží přes zelenou trávu.	Hnědý pes běží přes řeku.
Malý bílý pes a velký hnědý pes si hrají na trávě.	Malý světlehnědý pes běží kolem velkého hnědého psa stojícího v trávě.
Žena drží psa, zatímco jiný pes stojí poblíž v poli.	Dáma držící jednoho psa, zatímco jiný pes si hraje ve dvoře.
Holčička na jaře jede na dětské tříkolce.	Holčička si venku hraje s hračkou.
Černý pes procházející vodou.	Dva černí psi procházející sněhem.
Černý pes běží ve sněhu.	Černý pes plave s míčem v tlamě.
Žena oblečená v zeleném si hraje se svým bronzovým psem.	Bronzový pes olizuje dívce ruku, zatímco leží na zemi.
Dva muži bez domova stojí venku s lepenkovou značkou.	Dva mladí muži bez domova držící lepenkovou značku.
Žena sedí ve vodě.	Žena bruslí v parku.
Hnědý pes se brodí ve vodě.	Pes cáká v kalné vodě.
Opálená dívka v květinových bikinách plave v temně modrých vodách.	Holčička v květovaných plavkách běží v písku na pláži.
Jeden muž v oranžovém tričku na sobě bílou helmu jede na kole.	Muž, který má na sobě modrou přilbu, jede v Polarisu.
Hokejový hráč se upřeně dívá dolů.	Hokejový hráč v průběhu hry.
Malý smějící se chlapec stojí v přední části svatební party.	Osoba stojící na pódiu před sedícím davem.
Dva hnědí psi se navzájem honí ve sněhu.	Dva hnědí psi si hrají spolu ve sněhu.
Osoba na sněžném skútru.	Osoba na sněžném skútru uprostřed skoku.
Děti si hrají na trampolíně ve sněhu.	Několik dětí skákajících na trampolíně ve sněhu.
Muž stojí na břehu trefující míč pádlem.	Dvě mladé dívky stojí na pláži a poslouchají iPody.
Tato fotografie přes vrchol ukazuje dva muže dávající si pauzu.	Nadechující se osoba s koupací čepicí a brýlemi.
Dva hnědí psi běžící spolu na písku.	Dva hnědí psi běží na písku.
Černý pes honí červené frisbee.	Černý pudl běží ve sněhu.
Dvě dívky s copy jedou v zábavním parku jízdu.	Mladá dívka je na jízdě v zábavním parku.
Pes hrabající v písku.	Hnědý pes hrabe v písku.
Šedý pes plavoucí přes řeku s klackem v tlamě.	Pes plavoucí přes vodu nesoucí klacek v tlamě.
Žena v modrých plavkách skáče z mola do jezera.	Chlapec v modré košili a modrých džínách běží napříč hřištěm.
Dva muži sedí na chodníku před obchody.	Žena v plavkách venčí psa na pláži.
Černobílý tečkovaný pes skáče přes potok.	Černobílý tečkovaný pes skáče přes malý proud vody.
Osoba na BMX kole.	Muž na kole ve vzduchu.
Dva psi běžící vysokou trávou.	Dva psi běží přes travnatou plochu.
Malý bílý pes s vodítkem skákající po červeném míči.	Černobílý pes vrací hůl ve sněhu.
Skupina lidí, stojící mimo budovu.	Velká skupina lidí, kteří vytvořili linii venku.
Pes s klackem následuje jiného psa přes vodu.	Auto s pohonem na čtyři kola jede bahnem.
Kočka stojící na třech větvích.	Černobílá kočka je vysoko na třech větvích.
Dva vlaky, zelený a bílý stojí na kolejích.	Dva vlaky, zelený a bílý na kolejích.
Malá bílá kočka se svítícíma očima je pod židlí.	Bílá kočka stojí na podlaze.
Velká loď ve vodě v přístavu.	Velká loď na moři.
Autobus jedoucí ulicí.	Červený doubledecker jedoucí dolů ulicí.
Beránek dívající se na kameru.	Malý ptáček stojící na kládě, která je u břehu.
Osobní vlak čekající ve stanici.	Osobní vlak stojí ve stanici.
Žena u jídelního stolu si píše do sešitu.	Žena u stolu je něčím zaneprázdněna.
Počítač od Applu stojí na podlaze.	Počítač Macintosh stojí na podlaze.
Detail hnědé koňské hlavy.	Pohled z profilu na koňskou hlavu.
Skupina lidí jí venku u stolu.	Skupina postarších lidí sedí okolo stolu.
Zvědaví chlapci koukají do kůlny.	Dva malí kluci ve dřevěném areálu koukají do kůlny.
Žokej jedoucí na koni.	Žokej jedoucí na koni v ohradě.
Býk stojící na poli.	Hnědý kůň stojí na luxusním zeleném poli.
Muž jede na motorce dolů po silnici.	Muž jede po silnici na červené motorce.
Žena jede na hnědém koni.	Mladá dívka jede na hnědém koni.
Černé a bílé krávy se zastavily před bránou.	Černá a hnědá kráva stojí na pláni před vykořeněným stromem.
Dítě skáče s kolem na římsu.	Černobílá kočka hrající si s dekou.
Moped před schody vedoucí k ruinám.	Moped před ruinami.
Muž spí s dítětem v klíně.	Spící muž na židli držící dítě.
Skupina čtyř lidí jí dort po večeři.	Čtyři lidi jí dezert u stolu.
Černý pes stojící před žlutými kytkami.	Černý pes stojící na poli.
Detail lahve s vodou.	Detailní pohled na lahve s vodou.
Detail kočky s hnědým obličejem.	Detail pštrosí tváře.
Ovce stojící na poli.	Ovce pasoucí se na poli.
Skupina lidí jí venku u stolu.	Skupina postarších lidí pózuje okolo jídelního stolu.
Dlouhosrstá kočka se zavřenýma očima.	Detail kočky se zavřenýma očima.
Žena v šedém tričku se usmívá na foťák zatímco žena za ní dělá pošklebky.	Žena s překvapeným pohledem ve tváři objímá usmívající se ženu zezadu.
Stříbrnomodrý vlak Amtrak na kolejích blízko vlakové stanice.	Malé auto zaparkované u benzínové stanice.
Člověk v modré košili opírající se o kávový stolek u televize.	Člověk stojící na motorce jede po zadním kole.
Dvě kočky koukají na okno.	Bílá kočka koukající z okna.
Černobílá fotka ženy ukazující na koně.	Černobílá fotka krav v kravínu.
Tmavě hnědý kůň stojící na poli.	Hnědý kůň stojí na luxusním zeleném poli.
Postavený stan s koněm v pozadí.	Černobílé jehně s ostatními jehňaty v pozadí.
Starší muž s baretem na hlavě s horami v pozadí.	Ovce v ranní mlze se stromy v pozadí.
Krávy se krmí v korytu.	Černé a bílé krávy krmící se z koryta.
Malý červenošedý pták sedí na stromě mezi holými větvemi.	Červenošedý pták sedí ve větvích.
Muž s helmou řídící motorku blízko bílé konstrukce.	Dívka s černými kraťasy a botami, stojící vedle modré motorky.
Skupina lidí sedících okolo stolu s jídlem.	Skupina lidí sedí okolo stolu s jídlem a pivem.
Hnědočerná jídelní místnost zabudovaná v malém apartmánu.	Hnědočerný stůl v obývacím pokoji.
Hnědý kůň stojí na luxusním zeleném poli.	Hnědý kůň na zeleném poli.
Černobílá kráva v seně.	Černobílá kráva v ohradě se senem.
Postarší žena stojí v kuchyni se dvěma kočkami u jejích nohou.	Starší paní stojící v kuchyni se dvěma kočkami u jejích nohou.
Školní autobus jedoucí do kopce venkovskou cestou.	Závodní pomoc jedoucí sama špinavou cestou.
Pytel bavlny před gaučem.	Kočka Kaliko sedící na schodu před dveřmi.
Maskovací letadlo stojící na travnatém poli.	Maskované letadlo stojící na zelené trávě.
Tři mladé ženy stojící pospolu v pokoji.	Dvě indické ženy se dvěma indickými holkami blízko vody.
Červený doubledecker jedoucí skrz ulice.	Doubledecker jedoucí s dopravou.
Bílá ovce na straně kopce dívající se do kamery.	Vyhublé krávy stojící na trávě.
Skupina ovcí na poli.	Skupina koní pasoucí se na poli.
Přiblížená, zkreslená fotografie prázdné skleněné láhve od koly.	Přiblížený obrázek stolu, na kterém je počítač a papíry.
Velmi přeplněný kancelářský stůl s počítačovým monitorem.	Zaneřáděný počítačový stůl se dvěma monitory.
Muž sedící v přeplněné místnosti.	Muž leží v posteli v přeplněné místnosti.
Dvě bílé krávy na zelené pastvě.	Žlutohnědý kůň je na pastvě.
Muž s kolem v kavárně.	Muž vedoucí kolo na terasu kavárny.
Černá kráva na pastvě jdoucí pod stromy.	Kráva na pastvě jdoucí pod stromem.
Dva koně stojící v poli se stromy v pozadí.	Černobílý pták na vodě s trávou v pozadí.
Dva lidé sedí u stolu v restauraci.	Čtyři lidé sedí u stolu.
Červený doubledecker jede dolů ulicí.	Červený dvoupatrový autobus jede dolů ulicí.
Usmívající se žena s pivem sedí venku s další usmívající se ženou.	Dvě smějící se ženy sedí venku.
Pták držící se kovové brány.	Vícebarevný pták visí na drátěném plotu.
Vyhublé krávy stojí na trávě.	Bílé kachny stojí na zemi.
Žena ležící naproti dvěma mužům, kteří sedí na gauči.	Muž a dvě ženy usmívající se na kameru zatímco sedí na modrém gauči.
Žena s velkým náhrdelníkem.	Mladá žena s černým svrškem a náhrdelníkem.
Hnědá kráva s rohy stojící na poli.	Hnědý kůň stojící uprostřed travnatého pole.
Parník zakotvil u pobřeží.	Parník zakotvil u břehu.
Černobílá kočka ležící pod křovím.	Černobílá kočka se žlutýma očima lenoší ve špíně.
Hnědobílá kočka stojící v trávě na straně u cesty.	Hnědobílá kráva stojící na travnaté ploše se stromy v pozadí.
Malý pes vzhlíží k foťáku, zatímco stojí mezi stromy.	Muž a žena smějící se do foťáku zatímco stojí v kuchyni.
Bronzové tele se žlutou značkou na uchu dívající se do foťáku.	Muž s brýlemi a dvěma plastovými flaškami v popředí.
Černobílá fotka gauče s peněženkou na jednom konci.	Černobílá fotka krávy pod stromem.
Jehně dívající se do kamery.	Kočka dívající se do kamery.
Červený doubledecker na přeplněné ulici.	Doubledecker v ulici města.
Žokej jedoucí na koni v ohradě.	Žokej jede cvalem na koni.
Dva muži na lodi plují na vodě.	Velká zelená loď pluje na vodě.
Toto je zpětný pohled ze sportovního auta Chevrolet.	Zpětný pohled z červeného konceptu vozu Chevrolet.
Osoba s helmou jede na kole blízko bílé konstrukce.	Osoba s jezdeckou helmou na cestě mezi stromy.
Černobílé foto staré vlakové stanice.	Černobílé foto motorky ležící na zemi.
Šedobílá a mourovatá kočka spící na fialové látce.	Černobílá kočka spící na hnědé plachtě.
Černobílá kočka je vysoko na třech větvích.	Černobílé jehně se značkou v pravém uchu.
Žena držící malé dítě.	Usmívající se žena drží malé dítě.
Skupina koní pasoucí se na travnatém poli.	Skupina koní pasoucí se na poli.
Tři muži sedí u stolu s pitím.	Tři muži sedí u stolu s pivem a jídlem.
Dva lidé oblečení v bílém stojící na travnatém poli.	Muž stojí pod přejezdem blízko dálnice.
Mladá blonďatá holka s helmou sedí s červeným kolem za ní.	Mladá dívka s helmou s kolem v pozadí.
Oranžová mourovatá kočka spí na gauči.	Muž dívající se na TV s nohou na posteli.
Dva orli sedí na větvi.	Dva vypelichaní orli na větvi.
Pruhovaná kočka leží na tašce se stelivem pro kočky.	Kočka domácí leží na zádech v stelivu pro kočky.
Modrý gauč a dvojitá postel v obýváku.	Modrý gauč v pokoji se sluncem svítícím dovnitř.
Muž a malé dítě v obýváku pózují na kameru.	Muž a žena pózují na kameru.
Domácí kancelář se třemi počítačovými monitory a ostatním vybavením v pozadí.	Místnost s pár počítačovými monitory.
Pět ptáků stojí na sněhu.	Pár kardinálů stojí ve sněhu.
Vemeno mléčné krávy, která stojí na pastvě blízko velké budovy.	Černohnědá kráva stojící na zelené trávě.
Černé vozidlo zaparkované s výhledem na nízko položené hory.	Černé auto zaparkované ve špíně na venkově.
Osobní vlak ve sněhu.	Osobní vlak čeká ve stanici.
Černý pták sedí na zemi.	Černý pták sedí na zemi.
Černobílý býk dívající se do kamery.	Černobílý pes dívající se do kamery.
Mladá dívka pózuje u sloupu s U2 cedulí.	Žena stojící u sloupu kde je napsáno U2.
Mladá dívka jede na bílošedém koni.	Mladá blonďatá dívka v jezdeckém úboru sedí na hřbetu šedobílého koně.
Černobílá ovce jde vedle bílé ovce.	Malé černobílé tele se značkou v uchu.
